ds,y,producto,categoria,precio_unitario,recaudacion
2024-01-07,103,1,4,24,2472
2024-01-14,110,1,4,24,2640
2024-01-21,113,1,4,24,2712
2024-01-28,115,1,4,24,2760
2024-02-04,109,1,4,24,2616
2024-02-11,108,1,4,24,2592
2024-02-18,102,1,4,24,2448
2024-02-25,130,1,4,24,3120
2024-03-03,119,1,4,24,2856
2024-03-10,118,1,4,24,2832
2024-03-17,134,1,4,24,3216
2024-03-24,114,1,4,24,2736
2024-03-31,131,1,4,24,3144
2024-04-07,125,1,4,24,3000
2024-04-14,110,1,4,24,2640
2024-04-21,118,1,4,24,2832
2024-04-28,126,1,4,24,3024
2024-05-05,122,1,4,24,2928
2024-05-12,127,1,4,24,3048
2024-05-19,113,1,4,24,2712
2024-05-26,141,1,4,24,3384
2024-06-02,95,1,4,24,2280
2024-06-09,98,1,4,24,2352
2024-06-16,99,1,4,24,2376
2024-06-23,83,1,4,24,1992
2024-06-30,106,1,4,24,2544
2024-07-07,103,1,4,24,2472
2024-07-14,93,1,4,24,2232
2024-07-21,87,1,4,24,2088
2024-07-28,78,1,4,24,1872
2024-08-04,85,1,4,24,2040
2024-08-11,102,1,4,24,2448
2024-08-18,94,1,4,24,2256
2024-08-25,94,1,4,24,2256
2024-09-01,105,1,4,24,2520
2024-09-08,115,1,4,24,2760
2024-09-15,109,1,4,24,2616
2024-09-22,113,1,4,24,2712
2024-09-29,127,1,4,24,3048
2024-10-06,119,1,4,24,2856
2024-10-13,118,1,4,24,2832
2024-10-20,131,1,4,24,3144
2024-10-27,125,1,4,24,3000
2024-11-03,128,1,4,24,3072
2024-11-10,147,1,4,24,3528
2024-11-17,134,1,4,24,3216
2024-11-24,113,1,4,24,2712
2024-12-01,145,1,4,24,3480
2024-12-08,139,1,4,24,3336
2024-12-15,141,1,4,24,3384
2024-12-22,148,1,4,24,3552
2024-12-29,142,1,4,24,3408
2025-01-05,145,1,4,24,3480
2025-01-12,122,1,4,24,2928
2025-01-19,131,1,4,24,3144
2025-01-26,153,1,4,24,3672
2025-02-02,136,1,4,24,3264
2025-02-09,117,1,4,24,2808
2025-02-16,121,1,4,24,2904
2025-02-23,119,1,4,24,2856
2024-01-07,91,2,3,81,7371
2024-01-14,118,2,3,81,9558
2024-01-21,95,2,3,81,7695
2024-01-28,104,2,3,81,8424
2024-02-04,103,2,3,81,8343
2024-02-11,95,2,3,81,7695
2024-02-18,121,2,3,81,9801
2024-02-25,119,2,3,81,9639
2024-03-03,121,2,3,81,9801
2024-03-10,105,2,3,81,8505
2024-03-17,129,2,3,81,10449
2024-03-24,101,2,3,81,8181
2024-03-31,120,2,3,81,9720
2024-04-07,136,2,3,81,11016
2024-04-14,102,2,3,81,8262
2024-04-21,105,2,3,81,8505
2024-04-28,110,2,3,81,8910
2024-05-05,101,2,3,81,8181
2024-05-12,88,2,3,81,7128
2024-05-19,102,2,3,81,8262
2024-05-26,88,2,3,81,7128
2024-06-02,100,2,3,81,8100
2024-06-09,84,2,3,81,6804
2024-06-16,106,2,3,81,8586
2024-06-23,81,2,3,81,6561
2024-06-30,84,2,3,81,6804
2024-07-07,94,2,3,81,7614
2024-07-14,72,2,3,81,5832
2024-07-21,86,2,3,81,6966
2024-07-28,97,2,3,81,7857
2024-08-04,68,2,3,81,5508
2024-08-11,87,2,3,81,7047
2024-08-18,89,2,3,81,7209
2024-08-25,97,2,3,81,7857
2024-09-01,79,2,3,81,6399
2024-09-08,81,2,3,81,6561
2024-09-15,102,2,3,81,8262
2024-09-22,103,2,3,81,8343
2024-09-29,106,2,3,81,8586
2024-10-06,111,2,3,81,8991
2024-10-13,104,2,3,81,8424
2024-10-20,117,2,3,81,9477
2024-10-27,121,2,3,81,9801
2024-11-03,114,2,3,81,9234
2024-11-10,143,2,3,81,11583
2024-11-17,132,2,3,81,10692
2024-11-24,117,2,3,81,9477
2024-12-01,138,2,3,81,11178
2024-12-08,123,2,3,81,9963
2024-12-15,141,2,3,81,11421
2024-12-22,145,2,3,81,11745
2024-12-29,125,2,3,81,10125
2025-01-05,142,2,3,81,11502
2025-01-12,136,2,3,81,11016
2025-01-19,138,2,3,81,11178
2025-01-26,147,2,3,81,11907
2025-02-02,123,2,3,81,9963
2025-02-09,116,2,3,81,9396
2025-02-16,112,2,3,81,9072
2025-02-23,110,2,3,81,8910
2024-01-07,50,3,5,30,1500
2024-01-14,59,3,5,30,1770
2024-01-21,54,3,5,30,1620
2024-01-28,72,3,5,30,2160
2024-02-04,58,3,5,30,1740
2024-02-11,90,3,5,30,2700
2024-02-18,72,3,5,30,2160
2024-02-25,59,3,5,30,1770
2024-03-03,58,3,5,30,1740
2024-03-10,75,3,5,30,2250
2024-03-17,68,3,5,30,2040
2024-03-24,78,3,5,30,2340
2024-03-31,75,3,5,30,2250
2024-04-07,68,3,5,30,2040
2024-04-14,59,3,5,30,1770
2024-04-21,51,3,5,30,1530
2024-04-28,59,3,5,30,1770
2024-05-05,70,3,5,30,2100
2024-05-12,61,3,5,30,1830
2024-05-19,43,3,5,30,1290
2024-05-26,54,3,5,30,1620
2024-06-02,54,3,5,30,1620
2024-06-09,38,3,5,30,1140
2024-06-16,46,3,5,30,1380
2024-06-23,43,3,5,30,1290
2024-06-30,29,3,5,30,870
2024-07-07,42,3,5,30,1260
2024-07-14,43,3,5,30,1290
2024-07-21,48,3,5,30,1440
2024-07-28,47,3,5,30,1410
2024-08-04,23,3,5,30,690
2024-08-11,29,3,5,30,870
2024-08-18,45,3,5,30,1350
2024-08-25,46,3,5,30,1380
2024-09-01,49,3,5,30,1470
2024-09-08,85,3,5,30,2550
2024-09-15,55,3,5,30,1650
2024-09-22,64,3,5,30,1920
2024-09-29,65,3,5,30,1950
2024-10-06,66,3,5,30,1980
2024-10-13,60,3,5,30,1800
2024-10-20,74,3,5,30,2220
2024-10-27,62,3,5,30,1860
2024-11-03,70,3,5,30,2100
2024-11-10,71,3,5,30,2130
2024-11-17,79,3,5,30,2370
2024-11-24,103,3,5,30,3090
2024-12-01,63,3,5,30,1890
2024-12-08,90,3,5,30,2700
2024-12-15,67,3,5,30,2010
2024-12-22,79,3,5,30,2370
2024-12-29,94,3,5,30,2820
2025-01-05,83,3,5,30,2490
2025-01-12,71,3,5,30,2130
2025-01-19,72,3,5,30,2160
2025-01-26,84,3,5,30,2520
2025-02-02,68,3,5,30,2040
2025-02-09,75,3,5,30,2250
2025-02-16,70,3,5,30,2100
2025-02-23,60,3,5,30,1800
2024-01-07,70,4,2,92,6440
2024-01-14,69,4,2,92,6348
2024-01-21,65,4,2,92,5980
2024-01-28,73,4,2,92,6716
2024-02-04,83,4,2,92,7636
2024-02-11,70,4,2,92,6440
2024-02-18,75,4,2,92,6900
2024-02-25,65,4,2,92,5980
2024-03-03,77,4,2,92,7084
2024-03-10,103,4,2,92,9476
2024-03-17,84,4,2,92,7728
2024-03-24,85,4,2,92,7820
2024-03-31,92,4,2,92,8464
2024-04-07,72,4,2,92,6624
2024-04-14,97,4,2,92,8924
2024-04-21,100,4,2,92,9200
2024-04-28,89,4,2,92,8188
2024-05-05,100,4,2,92,9200
2024-05-12,69,4,2,92,6348
2024-05-19,98,4,2,92,9016
2024-05-26,71,4,2,92,6532
2024-06-02,63,4,2,92,5796
2024-06-09,72,4,2,92,6624
2024-06-16,91,4,2,92,8372
2024-06-23,71,4,2,92,6532
2024-06-30,60,4,2,92,5520
2024-07-07,56,4,2,92,5152
2024-07-14,68,4,2,92,6256
2024-07-21,49,4,2,92,4508
2024-07-28,56,4,2,92,5152
2024-08-04,86,4,2,92,7912
2024-08-11,86,4,2,92,7912
2024-08-18,73,4,2,92,6716
2024-08-25,72,4,2,92,6624
2024-09-01,81,4,2,92,7452
2024-09-08,107,4,2,92,9844
2024-09-15,91,4,2,92,8372
2024-09-22,100,4,2,92,9200
2024-09-29,94,4,2,92,8648
2024-10-06,100,4,2,92,9200
2024-10-13,111,4,2,92,10212
2024-10-20,110,4,2,92,10120
2024-10-27,94,4,2,92,8648
2024-11-03,129,4,2,92,11868
2024-11-10,114,4,2,92,10488
2024-11-17,145,4,2,92,13340
2024-11-24,133,4,2,92,12236
2024-12-01,130,4,2,92,11960
2024-12-08,135,4,2,92,12420
2024-12-15,131,4,2,92,12052
2024-12-22,129,4,2,92,11868
2024-12-29,136,4,2,92,12512
2025-01-05,143,4,2,92,13156
2025-01-12,129,4,2,92,11868
2025-01-19,126,4,2,92,11592
2025-01-26,128,4,2,92,11776
2025-02-02,139,4,2,92,12788
2025-02-09,143,4,2,92,13156
2025-02-16,130,4,2,92,11960
2025-02-23,130,4,2,92,11960
2024-01-07,36,5,3,84,3024
2024-01-14,26,5,3,84,2184
2024-01-21,19,5,3,84,1596
2024-01-28,27,5,3,84,2268
2024-02-04,36,5,3,84,3024
2024-02-11,56,5,3,84,4704
2024-02-18,62,5,3,84,5208
2024-02-25,44,5,3,84,3696
2024-03-03,46,5,3,84,3864
2024-03-10,53,5,3,84,4452
2024-03-17,51,5,3,84,4284
2024-03-24,60,5,3,84,5040
2024-03-31,45,5,3,84,3780
2024-04-07,58,5,3,84,4872
2024-04-14,45,5,3,84,3780
2024-04-21,53,5,3,84,4452
2024-04-28,40,5,3,84,3360
2024-05-05,34,5,3,84,2856
2024-05-12,56,5,3,84,4704
2024-05-19,44,5,3,84,3696
2024-05-26,13,5,3,84,1092
2024-06-02,23,5,3,84,1932
2024-06-09,37,5,3,84,3108
2024-06-16,10,5,3,84,840
2024-06-23,27,5,3,84,2268
2024-06-30,24,5,3,84,2016
2024-07-07,8,5,3,84,672
2024-07-14,14,5,3,84,1176
2024-07-21,0,5,3,84,0
2024-07-28,30,5,3,84,2520
2024-08-04,10,5,3,84,840
2024-08-11,21,5,3,84,1764
2024-08-18,20,5,3,84,1680
2024-08-25,29,5,3,84,2436
2024-09-01,13,5,3,84,1092
2024-09-08,22,5,3,84,1848
2024-09-15,28,5,3,84,2352
2024-09-22,35,5,3,84,2940
2024-09-29,41,5,3,84,3444
2024-10-06,27,5,3,84,2268
2024-10-13,29,5,3,84,2436
2024-10-20,52,5,3,84,4368
2024-10-27,21,5,3,84,1764
2024-11-03,60,5,3,84,5040
2024-11-10,44,5,3,84,3696
2024-11-17,49,5,3,84,4116
2024-11-24,45,5,3,84,3780
2024-12-01,52,5,3,84,4368
2024-12-08,66,5,3,84,5544
2024-12-15,62,5,3,84,5208
2024-12-22,59,5,3,84,4956
2024-12-29,54,5,3,84,4536
2025-01-05,38,5,3,84,3192
2025-01-12,42,5,3,84,3528
2025-01-19,45,5,3,84,3780
2025-01-26,51,5,3,84,4284
2025-02-02,45,5,3,84,3780
2025-02-09,51,5,3,84,4284
2025-02-16,43,5,3,84,3612
2025-02-23,36,5,3,84,3024
2024-01-07,42,6,5,33,1386
2024-01-14,40,6,5,33,1320
2024-01-21,55,6,5,33,1815
2024-01-28,29,6,5,33,957
2024-02-04,49,6,5,33,1617
2024-02-11,45,6,5,33,1485
2024-02-18,67,6,5,33,2211
2024-02-25,39,6,5,33,1287
2024-03-03,40,6,5,33,1320
2024-03-10,43,6,5,33,1419
2024-03-17,28,6,5,33,924
2024-03-24,44,6,5,33,1452
2024-03-31,41,6,5,33,1353
2024-04-07,50,6,5,33,1650
2024-04-14,50,6,5,33,1650
2024-04-21,63,6,5,33,2079
2024-04-28,52,6,5,33,1716
2024-05-05,34,6,5,33,1122
2024-05-12,28,6,5,33,924
2024-05-19,39,6,5,33,1287
2024-05-26,18,6,5,33,594
2024-06-02,47,6,5,33,1551
2024-06-09,37,6,5,33,1221
2024-06-16,18,6,5,33,594
2024-06-23,4,6,5,33,132
2024-06-30,32,6,5,33,1056
2024-07-07,16,6,5,33,528
2024-07-14,28,6,5,33,924
2024-07-21,0,6,5,33,0
2024-07-28,9,6,5,33,297
2024-08-04,15,6,5,33,495
2024-08-11,16,6,5,33,528
2024-08-18,13,6,5,33,429
2024-08-25,25,6,5,33,825
2024-09-01,10,6,5,33,330
2024-09-08,22,6,5,33,726
2024-09-15,28,6,5,33,924
2024-09-22,35,6,5,33,1155
2024-09-29,40,6,5,33,1320
2024-10-06,25,6,5,33,825
2024-10-13,25,6,5,33,825
2024-10-20,56,6,5,33,1848
2024-10-27,50,6,5,33,1650
2024-11-03,42,6,5,33,1386
2024-11-10,68,6,5,33,2244
2024-11-17,56,6,5,33,1848
2024-11-24,69,6,5,33,2277
2024-12-01,59,6,5,33,1947
2024-12-08,80,6,5,33,2640
2024-12-15,78,6,5,33,2574
2024-12-22,58,6,5,33,1914
2024-12-29,70,6,5,33,2310
2025-01-05,66,6,5,33,2178
2025-01-12,71,6,5,33,2343
2025-01-19,46,6,5,33,1518
2025-01-26,61,6,5,33,2013
2025-02-02,62,6,5,33,2046
2025-02-09,31,6,5,33,1023
2025-02-16,34,6,5,33,1122
2025-02-23,23,6,5,33,759
2024-01-07,74,7,3,31,2294
2024-01-14,55,7,3,31,1705
2024-01-21,76,7,3,31,2356
2024-01-28,98,7,3,31,3038
2024-02-04,98,7,3,31,3038
2024-02-11,95,7,3,31,2945
2024-02-18,95,7,3,31,2945
2024-02-25,106,7,3,31,3286
2024-03-03,97,7,3,31,3007
2024-03-10,85,7,3,31,2635
2024-03-17,103,7,3,31,3193
2024-03-24,108,7,3,31,3348
2024-03-31,116,7,3,31,3596
2024-04-07,90,7,3,31,2790
2024-04-14,102,7,3,31,3162
2024-04-21,102,7,3,31,3162
2024-04-28,90,7,3,31,2790
2024-05-05,104,7,3,31,3224
2024-05-12,105,7,3,31,3255
2024-05-19,93,7,3,31,2883
2024-05-26,114,7,3,31,3534
2024-06-02,88,7,3,31,2728
2024-06-09,85,7,3,31,2635
2024-06-16,83,7,3,31,2573
2024-06-23,78,7,3,31,2418
2024-06-30,80,7,3,31,2480
2024-07-07,70,7,3,31,2170
2024-07-14,82,7,3,31,2542
2024-07-21,85,7,3,31,2635
2024-07-28,62,7,3,31,1922
2024-08-04,85,7,3,31,2635
2024-08-11,88,7,3,31,2728
2024-08-18,95,7,3,31,2945
2024-08-25,105,7,3,31,3255
2024-09-01,104,7,3,31,3224
2024-09-08,93,7,3,31,2883
2024-09-15,95,7,3,31,2945
2024-09-22,113,7,3,31,3503
2024-09-29,105,7,3,31,3255
2024-10-06,103,7,3,31,3193
2024-10-13,143,7,3,31,4433
2024-10-20,121,7,3,31,3751
2024-10-27,122,7,3,31,3782
2024-11-03,110,7,3,31,3410
2024-11-10,144,7,3,31,4464
2024-11-17,129,7,3,31,3999
2024-11-24,142,7,3,31,4402
2024-12-01,154,7,3,31,4774
2024-12-08,136,7,3,31,4216
2024-12-15,148,7,3,31,4588
2024-12-22,164,7,3,31,5084
2024-12-29,124,7,3,31,3844
2025-01-05,141,7,3,31,4371
2025-01-12,140,7,3,31,4340
2025-01-19,146,7,3,31,4526
2025-01-26,146,7,3,31,4526
2025-02-02,134,7,3,31,4154
2025-02-09,136,7,3,31,4216
2025-02-16,133,7,3,31,4123
2025-02-23,135,7,3,31,4185
2024-01-07,43,8,5,11,473
2024-01-14,38,8,5,11,418
2024-01-21,32,8,5,11,352
2024-01-28,49,8,5,11,539
2024-02-04,37,8,5,11,407
2024-02-11,30,8,5,11,330
2024-02-18,56,8,5,11,616
2024-02-25,47,8,5,11,517
2024-03-03,32,8,5,11,352
2024-03-10,41,8,5,11,451
2024-03-17,34,8,5,11,374
2024-03-24,28,8,5,11,308
2024-03-31,50,8,5,11,550
2024-04-07,59,8,5,11,649
2024-04-14,23,8,5,11,253
2024-04-21,41,8,5,11,451
2024-04-28,26,8,5,11,286
2024-05-05,24,8,5,11,264
2024-05-12,20,8,5,11,220
2024-05-19,14,8,5,11,154
2024-05-26,19,8,5,11,209
2024-06-02,7,8,5,11,77
2024-06-09,15,8,5,11,165
2024-06-16,8,8,5,11,88
2024-06-23,4,8,5,11,44
2024-06-30,0,8,5,11,0
2024-07-07,0,8,5,11,0
2024-07-14,7,8,5,11,77
2024-07-21,3,8,5,11,33
2024-07-28,0,8,5,11,0
2024-08-04,0,8,5,11,0
2024-08-11,5,8,5,11,55
2024-08-18,0,8,5,11,0
2024-08-25,4,8,5,11,44
2024-09-01,0,8,5,11,0
2024-09-08,8,8,5,11,88
2024-09-15,0,8,5,11,0
2024-09-22,0,8,5,11,0
2024-09-29,0,8,5,11,0
2024-10-06,14,8,5,11,154
2024-10-13,19,8,5,11,209
2024-10-20,10,8,5,11,110
2024-10-27,28,8,5,11,308
2024-11-03,7,8,5,11,77
2024-11-10,25,8,5,11,275
2024-11-17,16,8,5,11,176
2024-11-24,23,8,5,11,253
2024-12-01,31,8,5,11,341
2024-12-08,22,8,5,11,242
2024-12-15,27,8,5,11,297
2024-12-22,41,8,5,11,451
2024-12-29,24,8,5,11,264
2025-01-05,36,8,5,11,396
2025-01-12,15,8,5,11,165
2025-01-19,29,8,5,11,319
2025-01-26,36,8,5,11,396
2025-02-02,0,8,5,11,0
2025-02-09,7,8,5,11,77
2025-02-16,17,8,5,11,187
2025-02-23,6,8,5,11,66
2024-01-07,73,9,4,39,2847
2024-01-14,76,9,4,39,2964
2024-01-21,83,9,4,39,3237
2024-01-28,97,9,4,39,3783
2024-02-04,84,9,4,39,3276
2024-02-11,89,9,4,39,3471
2024-02-18,84,9,4,39,3276
2024-02-25,98,9,4,39,3822
2024-03-03,91,9,4,39,3549
2024-03-10,92,9,4,39,3588
2024-03-17,101,9,4,39,3939
2024-03-24,106,9,4,39,4134
2024-03-31,74,9,4,39,2886
2024-04-07,98,9,4,39,3822
2024-04-14,91,9,4,39,3549
2024-04-21,101,9,4,39,3939
2024-04-28,87,9,4,39,3393
2024-05-05,101,9,4,39,3939
2024-05-12,78,9,4,39,3042
2024-05-19,60,9,4,39,2340
2024-05-26,90,9,4,39,3510
2024-06-02,69,9,4,39,2691
2024-06-09,59,9,4,39,2301
2024-06-16,72,9,4,39,2808
2024-06-23,68,9,4,39,2652
2024-06-30,76,9,4,39,2964
2024-07-07,76,9,4,39,2964
2024-07-14,67,9,4,39,2613
2024-07-21,56,9,4,39,2184
2024-07-28,68,9,4,39,2652
2024-08-04,67,9,4,39,2613
2024-08-11,72,9,4,39,2808
2024-08-18,60,9,4,39,2340
2024-08-25,66,9,4,39,2574
2024-09-01,78,9,4,39,3042
2024-09-08,88,9,4,39,3432
2024-09-15,88,9,4,39,3432
2024-09-22,83,9,4,39,3237
2024-09-29,81,9,4,39,3159
2024-10-06,93,9,4,39,3627
2024-10-13,82,9,4,39,3198
2024-10-20,88,9,4,39,3432
2024-10-27,115,9,4,39,4485
2024-11-03,107,9,4,39,4173
2024-11-10,103,9,4,39,4017
2024-11-17,117,9,4,39,4563
2024-11-24,124,9,4,39,4836
2024-12-01,108,9,4,39,4212
2024-12-08,110,9,4,39,4290
2024-12-15,110,9,4,39,4290
2024-12-22,125,9,4,39,4875
2024-12-29,125,9,4,39,4875
2025-01-05,128,9,4,39,4992
2025-01-12,124,9,4,39,4836
2025-01-19,96,9,4,39,3744
2025-01-26,113,9,4,39,4407
2025-02-02,97,9,4,39,3783
2025-02-09,100,9,4,39,3900
2025-02-16,104,9,4,39,4056
2025-02-23,108,9,4,39,4212
2024-01-07,88,10,2,73,6424
2024-01-14,83,10,2,73,6059
2024-01-21,90,10,2,73,6570
2024-01-28,79,10,2,73,5767
2024-02-04,117,10,2,73,8541
2024-02-11,96,10,2,73,7008
2024-02-18,98,10,2,73,7154
2024-02-25,105,10,2,73,7665
2024-03-03,104,10,2,73,7592
2024-03-10,102,10,2,73,7446
2024-03-17,92,10,2,73,6716
2024-03-24,104,10,2,73,7592
2024-03-31,117,10,2,73,8541
2024-04-07,110,10,2,73,8030
2024-04-14,111,10,2,73,8103
2024-04-21,87,10,2,73,6351
2024-04-28,80,10,2,73,5840
2024-05-05,86,10,2,73,6278
2024-05-12,84,10,2,73,6132
2024-05-19,91,10,2,73,6643
2024-05-26,60,10,2,73,4380
2024-06-02,89,10,2,73,6497
2024-06-09,69,10,2,73,5037
2024-06-16,63,10,2,73,4599
2024-06-23,55,10,2,73,4015
2024-06-30,46,10,2,73,3358
2024-07-07,69,10,2,73,5037
2024-07-14,60,10,2,73,4380
2024-07-21,45,10,2,73,3285
2024-07-28,44,10,2,73,3212
2024-08-04,54,10,2,73,3942
2024-08-11,74,10,2,73,5402
2024-08-18,56,10,2,73,4088
2024-08-25,45,10,2,73,3285
2024-09-01,59,10,2,73,4307
2024-09-08,61,10,2,73,4453
2024-09-15,39,10,2,73,2847
2024-09-22,68,10,2,73,4964
2024-09-29,69,10,2,73,5037
2024-10-06,82,10,2,73,5986
2024-10-13,96,10,2,73,7008
2024-10-20,92,10,2,73,6716
2024-10-27,81,10,2,73,5913
2024-11-03,75,10,2,73,5475
2024-11-10,114,10,2,73,8322
2024-11-17,91,10,2,73,6643
2024-11-24,92,10,2,73,6716
2024-12-01,93,10,2,73,6789
2024-12-08,96,10,2,73,7008
2024-12-15,93,10,2,73,6789
2024-12-22,88,10,2,73,6424
2024-12-29,88,10,2,73,6424
2025-01-05,92,10,2,73,6716
2025-01-12,85,10,2,73,6205
2025-01-19,81,10,2,73,5913
2025-01-26,87,10,2,73,6351
2025-02-02,80,10,2,73,5840
2025-02-09,95,10,2,73,6935
2025-02-16,50,10,2,73,3650
2025-02-23,84,10,2,73,6132
2024-01-07,44,11,4,30,1320
2024-01-14,47,11,4,30,1410
2024-01-21,40,11,4,30,1200
2024-01-28,49,11,4,30,1470
2024-02-04,49,11,4,30,1470
2024-02-11,81,11,4,30,2430
2024-02-18,75,11,4,30,2250
2024-02-25,80,11,4,30,2400
2024-03-03,76,11,4,30,2280
2024-03-10,59,11,4,30,1770
2024-03-17,65,11,4,30,1950
2024-03-24,75,11,4,30,2250
2024-03-31,58,11,4,30,1740
2024-04-07,76,11,4,30,2280
2024-04-14,65,11,4,30,1950
2024-04-21,62,11,4,30,1860
2024-04-28,71,11,4,30,2130
2024-05-05,65,11,4,30,1950
2024-05-12,55,11,4,30,1650
2024-05-19,67,11,4,30,2010
2024-05-26,42,11,4,30,1260
2024-06-02,56,11,4,30,1680
2024-06-09,53,11,4,30,1590
2024-06-16,42,11,4,30,1260
2024-06-23,46,11,4,30,1380
2024-06-30,28,11,4,30,840
2024-07-07,48,11,4,30,1440
2024-07-14,36,11,4,30,1080
2024-07-21,32,11,4,30,960
2024-07-28,47,11,4,30,1410
2024-08-04,30,11,4,30,900
2024-08-11,24,11,4,30,720
2024-08-18,24,11,4,30,720
2024-08-25,47,11,4,30,1410
2024-09-01,31,11,4,30,930
2024-09-08,64,11,4,30,1920
2024-09-15,28,11,4,30,840
2024-09-22,69,11,4,30,2070
2024-09-29,58,11,4,30,1740
2024-10-06,58,11,4,30,1740
2024-10-13,57,11,4,30,1710
2024-10-20,70,11,4,30,2100
2024-10-27,69,11,4,30,2070
2024-11-03,84,11,4,30,2520
2024-11-10,77,11,4,30,2310
2024-11-17,79,11,4,30,2370
2024-11-24,76,11,4,30,2280
2024-12-01,81,11,4,30,2430
2024-12-08,86,11,4,30,2580
2024-12-15,67,11,4,30,2010
2024-12-22,70,11,4,30,2100
2024-12-29,91,11,4,30,2730
2025-01-05,84,11,4,30,2520
2025-01-12,79,11,4,30,2370
2025-01-19,80,11,4,30,2400
2025-01-26,81,11,4,30,2430
2025-02-02,70,11,4,30,2100
2025-02-09,65,11,4,30,1950
2025-02-16,72,11,4,30,2160
2025-02-23,57,11,4,30,1710
2024-01-07,67,12,1,85,5695
2024-01-14,57,12,1,85,4845
2024-01-21,49,12,1,85,4165
2024-01-28,62,12,1,85,5270
2024-02-04,75,12,1,85,6375
2024-02-11,77,12,1,85,6545
2024-02-18,54,12,1,85,4590
2024-02-25,70,12,1,85,5950
2024-03-03,65,12,1,85,5525
2024-03-10,75,12,1,85,6375
2024-03-17,71,12,1,85,6035
2024-03-24,44,12,1,85,3740
2024-03-31,63,12,1,85,5355
2024-04-07,67,12,1,85,5695
2024-04-14,49,12,1,85,4165
2024-04-21,67,12,1,85,5695
2024-04-28,44,12,1,85,3740
2024-05-05,48,12,1,85,4080
2024-05-12,67,12,1,85,5695
2024-05-19,41,12,1,85,3485
2024-05-26,53,12,1,85,4505
2024-06-02,26,12,1,85,2210
2024-06-09,62,12,1,85,5270
2024-06-16,35,12,1,85,2975
2024-06-23,36,12,1,85,3060
2024-06-30,35,12,1,85,2975
2024-07-07,37,12,1,85,3145
2024-07-14,15,12,1,85,1275
2024-07-21,29,12,1,85,2465
2024-07-28,22,12,1,85,1870
2024-08-04,12,12,1,85,1020
2024-08-11,39,12,1,85,3315
2024-08-18,27,12,1,85,2295
2024-08-25,34,12,1,85,2890
2024-09-01,35,12,1,85,2975
2024-09-08,33,12,1,85,2805
2024-09-15,58,12,1,85,4930
2024-09-22,41,12,1,85,3485
2024-09-29,29,12,1,85,2465
2024-10-06,44,12,1,85,3740
2024-10-13,56,12,1,85,4760
2024-10-20,60,12,1,85,5100
2024-10-27,47,12,1,85,3995
2024-11-03,70,12,1,85,5950
2024-11-10,45,12,1,85,3825
2024-11-17,76,12,1,85,6460
2024-11-24,54,12,1,85,4590
2024-12-01,66,12,1,85,5610
2024-12-08,80,12,1,85,6800
2024-12-15,71,12,1,85,6035
2024-12-22,78,12,1,85,6630
2024-12-29,75,12,1,85,6375
2025-01-05,80,12,1,85,6800
2025-01-12,77,12,1,85,6545
2025-01-19,60,12,1,85,5100
2025-01-26,68,12,1,85,5780
2025-02-02,44,12,1,85,3740
2025-02-09,56,12,1,85,4760
2025-02-16,61,12,1,85,5185
2025-02-23,51,12,1,85,4335
2024-01-07,12,13,2,31,372
2024-01-14,38,13,2,31,1178
2024-01-21,31,13,2,31,961
2024-01-28,41,13,2,31,1271
2024-02-04,38,13,2,31,1178
2024-02-11,42,13,2,31,1302
2024-02-18,54,13,2,31,1674
2024-02-25,42,13,2,31,1302
2024-03-03,50,13,2,31,1550
2024-03-10,46,13,2,31,1426
2024-03-17,47,13,2,31,1457
2024-03-24,49,13,2,31,1519
2024-03-31,54,13,2,31,1674
2024-04-07,46,13,2,31,1426
2024-04-14,63,13,2,31,1953
2024-04-21,40,13,2,31,1240
2024-04-28,45,13,2,31,1395
2024-05-05,41,13,2,31,1271
2024-05-12,57,13,2,31,1767
2024-05-19,43,13,2,31,1333
2024-05-26,49,13,2,31,1519
2024-06-02,21,13,2,31,651
2024-06-09,36,13,2,31,1116
2024-06-16,40,13,2,31,1240
2024-06-23,31,13,2,31,961
2024-06-30,39,13,2,31,1209
2024-07-07,22,13,2,31,682
2024-07-14,41,13,2,31,1271
2024-07-21,49,13,2,31,1519
2024-07-28,23,13,2,31,713
2024-08-04,23,13,2,31,713
2024-08-11,43,13,2,31,1333
2024-08-18,46,13,2,31,1426
2024-08-25,28,13,2,31,868
2024-09-01,31,13,2,31,961
2024-09-08,36,13,2,31,1116
2024-09-15,29,13,2,31,899
2024-09-22,37,13,2,31,1147
2024-09-29,40,13,2,31,1240
2024-10-06,46,13,2,31,1426
2024-10-13,57,13,2,31,1767
2024-10-20,64,13,2,31,1984
2024-10-27,81,13,2,31,2511
2024-11-03,59,13,2,31,1829
2024-11-10,82,13,2,31,2542
2024-11-17,73,13,2,31,2263
2024-11-24,77,13,2,31,2387
2024-12-01,87,13,2,31,2697
2024-12-08,70,13,2,31,2170
2024-12-15,87,13,2,31,2697
2024-12-22,85,13,2,31,2635
2024-12-29,89,13,2,31,2759
2025-01-05,86,13,2,31,2666
2025-01-12,107,13,2,31,3317
2025-01-19,75,13,2,31,2325
2025-01-26,74,13,2,31,2294
2025-02-02,72,13,2,31,2232
2025-02-09,70,13,2,31,2170
2025-02-16,67,13,2,31,2077
2025-02-23,83,13,2,31,2573
2024-01-07,10,14,5,98,980
2024-01-14,6,14,5,98,588
2024-01-21,29,14,5,98,2842
2024-01-28,35,14,5,98,3430
2024-02-04,31,14,5,98,3038
2024-02-11,27,14,5,98,2646
2024-02-18,26,14,5,98,2548
2024-02-25,28,14,5,98,2744
2024-03-03,60,14,5,98,5880
2024-03-10,47,14,5,98,4606
2024-03-17,29,14,5,98,2842
2024-03-24,40,14,5,98,3920
2024-03-31,34,14,5,98,3332
2024-04-07,42,14,5,98,4116
2024-04-14,41,14,5,98,4018
2024-04-21,44,14,5,98,4312
2024-04-28,23,14,5,98,2254
2024-05-05,30,14,5,98,2940
2024-05-12,9,14,5,98,882
2024-05-19,11,14,5,98,1078
2024-05-26,30,14,5,98,2940
2024-06-02,8,14,5,98,784
2024-06-09,7,14,5,98,686
2024-06-16,13,14,5,98,1274
2024-06-23,18,14,5,98,1764
2024-06-30,0,14,5,98,0
2024-07-07,0,14,5,98,0
2024-07-14,0,14,5,98,0
2024-07-21,18,14,5,98,1764
2024-07-28,9,14,5,98,882
2024-08-04,19,14,5,98,1862
2024-08-11,0,14,5,98,0
2024-08-18,0,14,5,98,0
2024-08-25,15,14,5,98,1470
2024-09-01,15,14,5,98,1470
2024-09-08,18,14,5,98,1764
2024-09-15,27,14,5,98,2646
2024-09-22,25,14,5,98,2450
2024-09-29,29,14,5,98,2842
2024-10-06,35,14,5,98,3430
2024-10-13,37,14,5,98,3626
2024-10-20,44,14,5,98,4312
2024-10-27,49,14,5,98,4802
2024-11-03,57,14,5,98,5586
2024-11-10,38,14,5,98,3724
2024-11-17,52,14,5,98,5096
2024-11-24,46,14,5,98,4508
2024-12-01,43,14,5,98,4214
2024-12-08,45,14,5,98,4410
2024-12-15,58,14,5,98,5684
2024-12-22,57,14,5,98,5586
2024-12-29,57,14,5,98,5586
2025-01-05,50,14,5,98,4900
2025-01-12,51,14,5,98,4998
2025-01-19,58,14,5,98,5684
2025-01-26,32,14,5,98,3136
2025-02-02,45,14,5,98,4410
2025-02-09,43,14,5,98,4214
2025-02-16,47,14,5,98,4606
2025-02-23,23,14,5,98,2254
2024-01-07,93,15,1,68,6324
2024-01-14,94,15,1,68,6392
2024-01-21,103,15,1,68,7004
2024-01-28,103,15,1,68,7004
2024-02-04,106,15,1,68,7208
2024-02-11,123,15,1,68,8364
2024-02-18,119,15,1,68,8092
2024-02-25,108,15,1,68,7344
2024-03-03,111,15,1,68,7548
2024-03-10,122,15,1,68,8296
2024-03-17,123,15,1,68,8364
2024-03-24,111,15,1,68,7548
2024-03-31,114,15,1,68,7752
2024-04-07,134,15,1,68,9112
2024-04-14,108,15,1,68,7344
2024-04-21,131,15,1,68,8908
2024-04-28,120,15,1,68,8160
2024-05-05,124,15,1,68,8432
2024-05-12,97,15,1,68,6596
2024-05-19,99,15,1,68,6732
2024-05-26,93,15,1,68,6324
2024-06-02,105,15,1,68,7140
2024-06-09,86,15,1,68,5848
2024-06-16,96,15,1,68,6528
2024-06-23,93,15,1,68,6324
2024-06-30,83,15,1,68,5644
2024-07-07,95,15,1,68,6460
2024-07-14,81,15,1,68,5508
2024-07-21,88,15,1,68,5984
2024-07-28,74,15,1,68,5032
2024-08-04,72,15,1,68,4896
2024-08-11,87,15,1,68,5916
2024-08-18,85,15,1,68,5780
2024-08-25,85,15,1,68,5780
2024-09-01,81,15,1,68,5508
2024-09-08,102,15,1,68,6936
2024-09-15,78,15,1,68,5304
2024-09-22,81,15,1,68,5508
2024-09-29,105,15,1,68,7140
2024-10-06,107,15,1,68,7276
2024-10-13,105,15,1,68,7140
2024-10-20,102,15,1,68,6936
2024-10-27,113,15,1,68,7684
2024-11-03,128,15,1,68,8704
2024-11-10,139,15,1,68,9452
2024-11-17,99,15,1,68,6732
2024-11-24,113,15,1,68,7684
2024-12-01,114,15,1,68,7752
2024-12-08,136,15,1,68,9248
2024-12-15,96,15,1,68,6528
2024-12-22,125,15,1,68,8500
2024-12-29,117,15,1,68,7956
2025-01-05,135,15,1,68,9180
2025-01-12,132,15,1,68,8976
2025-01-19,119,15,1,68,8092
2025-01-26,97,15,1,68,6596
2025-02-02,104,15,1,68,7072
2025-02-09,103,15,1,68,7004
2025-02-16,91,15,1,68,6188
2025-02-23,113,15,1,68,7684
2024-01-07,14,16,2,69,966
2024-01-14,15,16,2,69,1035
2024-01-21,18,16,2,69,1242
2024-01-28,11,16,2,69,759
2024-02-04,17,16,2,69,1173
2024-02-11,46,16,2,69,3174
2024-02-18,45,16,2,69,3105
2024-02-25,43,16,2,69,2967
2024-03-03,47,16,2,69,3243
2024-03-10,48,16,2,69,3312
2024-03-17,37,16,2,69,2553
2024-03-24,42,16,2,69,2898
2024-03-31,27,16,2,69,1863
2024-04-07,40,16,2,69,2760
2024-04-14,52,16,2,69,3588
2024-04-21,32,16,2,69,2208
2024-04-28,48,16,2,69,3312
2024-05-05,37,16,2,69,2553
2024-05-12,20,16,2,69,1380
2024-05-19,20,16,2,69,1380
2024-05-26,38,16,2,69,2622
2024-06-02,33,16,2,69,2277
2024-06-09,26,16,2,69,1794
2024-06-16,20,16,2,69,1380
2024-06-23,24,16,2,69,1656
2024-06-30,29,16,2,69,2001
2024-07-07,34,16,2,69,2346
2024-07-14,34,16,2,69,2346
2024-07-21,22,16,2,69,1518
2024-07-28,17,16,2,69,1173
2024-08-04,22,16,2,69,1518
2024-08-11,27,16,2,69,1863
2024-08-18,29,16,2,69,2001
2024-08-25,39,16,2,69,2691
2024-09-01,50,16,2,69,3450
2024-09-08,30,16,2,69,2070
2024-09-15,57,16,2,69,3933
2024-09-22,51,16,2,69,3519
2024-09-29,42,16,2,69,2898
2024-10-06,63,16,2,69,4347
2024-10-13,69,16,2,69,4761
2024-10-20,51,16,2,69,3519
2024-10-27,77,16,2,69,5313
2024-11-03,74,16,2,69,5106
2024-11-10,91,16,2,69,6279
2024-11-17,66,16,2,69,4554
2024-11-24,69,16,2,69,4761
2024-12-01,55,16,2,69,3795
2024-12-08,83,16,2,69,5727
2024-12-15,82,16,2,69,5658
2024-12-22,73,16,2,69,5037
2024-12-29,79,16,2,69,5451
2025-01-05,66,16,2,69,4554
2025-01-12,91,16,2,69,6279
2025-01-19,73,16,2,69,5037
2025-01-26,107,16,2,69,7383
2025-02-02,73,16,2,69,5037
2025-02-09,65,16,2,69,4485
2025-02-16,66,16,2,69,4554
2025-02-23,54,16,2,69,3726
2024-01-07,85,17,3,64,5440
2024-01-14,96,17,3,64,6144
2024-01-21,96,17,3,64,6144
2024-01-28,106,17,3,64,6784
2024-02-04,108,17,3,64,6912
2024-02-11,118,17,3,64,7552
2024-02-18,120,17,3,64,7680
2024-02-25,121,17,3,64,7744
2024-03-03,147,17,3,64,9408
2024-03-10,121,17,3,64,7744
2024-03-17,145,17,3,64,9280
2024-03-24,124,17,3,64,7936
2024-03-31,119,17,3,64,7616
2024-04-07,116,17,3,64,7424
2024-04-14,134,17,3,64,8576
2024-04-21,135,17,3,64,8640
2024-04-28,123,17,3,64,7872
2024-05-05,127,17,3,64,8128
2024-05-12,101,17,3,64,6464
2024-05-19,96,17,3,64,6144
2024-05-26,122,17,3,64,7808
2024-06-02,106,17,3,64,6784
2024-06-09,113,17,3,64,7232
2024-06-16,96,17,3,64,6144
2024-06-23,119,17,3,64,7616
2024-06-30,86,17,3,64,5504
2024-07-07,86,17,3,64,5504
2024-07-14,114,17,3,64,7296
2024-07-21,74,17,3,64,4736
2024-07-28,104,17,3,64,6656
2024-08-04,101,17,3,64,6464
2024-08-11,96,17,3,64,6144
2024-08-18,103,17,3,64,6592
2024-08-25,99,17,3,64,6336
2024-09-01,126,17,3,64,8064
2024-09-08,132,17,3,64,8448
2024-09-15,111,17,3,64,7104
2024-09-22,125,17,3,64,8000
2024-09-29,113,17,3,64,7232
2024-10-06,141,17,3,64,9024
2024-10-13,145,17,3,64,9280
2024-10-20,136,17,3,64,8704
2024-10-27,143,17,3,64,9152
2024-11-03,146,17,3,64,9344
2024-11-10,135,17,3,64,8640
2024-11-17,170,17,3,64,10880
2024-11-24,149,17,3,64,9536
2024-12-01,152,17,3,64,9728
2024-12-08,160,17,3,64,10240
2024-12-15,173,17,3,64,11072
2024-12-22,158,17,3,64,10112
2024-12-29,145,17,3,64,9280
2025-01-05,155,17,3,64,9920
2025-01-12,168,17,3,64,10752
2025-01-19,185,17,3,64,11840
2025-01-26,149,17,3,64,9536
2025-02-02,147,17,3,64,9408
2025-02-09,143,17,3,64,9152
2025-02-16,140,17,3,64,8960
2025-02-23,166,17,3,64,10624
2024-01-07,92,18,4,73,6716
2024-01-14,98,18,4,73,7154
2024-01-21,102,18,4,73,7446
2024-01-28,93,18,4,73,6789
2024-02-04,113,18,4,73,8249
2024-02-11,123,18,4,73,8979
2024-02-18,99,18,4,73,7227
2024-02-25,99,18,4,73,7227
2024-03-03,106,18,4,73,7738
2024-03-10,101,18,4,73,7373
2024-03-17,100,18,4,73,7300
2024-03-24,100,18,4,73,7300
2024-03-31,122,18,4,73,8906
2024-04-07,112,18,4,73,8176
2024-04-14,97,18,4,73,7081
2024-04-21,76,18,4,73,5548
2024-04-28,82,18,4,73,5986
2024-05-05,100,18,4,73,7300
2024-05-12,71,18,4,73,5183
2024-05-19,92,18,4,73,6716
2024-05-26,75,18,4,73,5475
2024-06-02,84,18,4,73,6132
2024-06-09,81,18,4,73,5913
2024-06-16,78,18,4,73,5694
2024-06-23,71,18,4,73,5183
2024-06-30,68,18,4,73,4964
2024-07-07,63,18,4,73,4599
2024-07-14,74,18,4,73,5402
2024-07-21,76,18,4,73,5548
2024-07-28,56,18,4,73,4088
2024-08-04,68,18,4,73,4964
2024-08-11,71,18,4,73,5183
2024-08-18,72,18,4,73,5256
2024-08-25,73,18,4,73,5329
2024-09-01,69,18,4,73,5037
2024-09-08,79,18,4,73,5767
2024-09-15,85,18,4,73,6205
2024-09-22,83,18,4,73,6059
2024-09-29,90,18,4,73,6570
2024-10-06,98,18,4,73,7154
2024-10-13,73,18,4,73,5329
2024-10-20,104,18,4,73,7592
2024-10-27,101,18,4,73,7373
2024-11-03,89,18,4,73,6497
2024-11-10,111,18,4,73,8103
2024-11-17,101,18,4,73,7373
2024-11-24,105,18,4,73,7665
2024-12-01,104,18,4,73,7592
2024-12-08,113,18,4,73,8249
2024-12-15,102,18,4,73,7446
2024-12-22,119,18,4,73,8687
2024-12-29,108,18,4,73,7884
2025-01-05,105,18,4,73,7665
2025-01-12,114,18,4,73,8322
2025-01-19,102,18,4,73,7446
2025-01-26,112,18,4,73,8176
2025-02-02,110,18,4,73,8030
2025-02-09,84,18,4,73,6132
2025-02-16,105,18,4,73,7665
2025-02-23,76,18,4,73,5548
2024-01-07,71,19,1,12,852
2024-01-14,98,19,1,12,1176
2024-01-21,70,19,1,12,840
2024-01-28,85,19,1,12,1020
2024-02-04,78,19,1,12,936
2024-02-11,87,19,1,12,1044
2024-02-18,96,19,1,12,1152
2024-02-25,89,19,1,12,1068
2024-03-03,108,19,1,12,1296
2024-03-10,113,19,1,12,1356
2024-03-17,75,19,1,12,900
2024-03-24,90,19,1,12,1080
2024-03-31,96,19,1,12,1152
2024-04-07,105,19,1,12,1260
2024-04-14,87,19,1,12,1044
2024-04-21,89,19,1,12,1068
2024-04-28,75,19,1,12,900
2024-05-05,68,19,1,12,816
2024-05-12,95,19,1,12,1140
2024-05-19,59,19,1,12,708
2024-05-26,97,19,1,12,1164
2024-06-02,77,19,1,12,924
2024-06-09,74,19,1,12,888
2024-06-16,69,19,1,12,828
2024-06-23,58,19,1,12,696
2024-06-30,62,19,1,12,744
2024-07-07,54,19,1,12,648
2024-07-14,60,19,1,12,720
2024-07-21,53,19,1,12,636
2024-07-28,43,19,1,12,516
2024-08-04,43,19,1,12,516
2024-08-11,42,19,1,12,504
2024-08-18,63,19,1,12,756
2024-08-25,48,19,1,12,576
2024-09-01,37,19,1,12,444
2024-09-08,62,19,1,12,744
2024-09-15,75,19,1,12,900
2024-09-22,70,19,1,12,840
2024-09-29,59,19,1,12,708
2024-10-06,52,19,1,12,624
2024-10-13,70,19,1,12,840
2024-10-20,73,19,1,12,876
2024-10-27,67,19,1,12,804
2024-11-03,85,19,1,12,1020
2024-11-10,100,19,1,12,1200
2024-11-17,86,19,1,12,1032
2024-11-24,87,19,1,12,1044
2024-12-01,77,19,1,12,924
2024-12-08,101,19,1,12,1212
2024-12-15,86,19,1,12,1032
2024-12-22,80,19,1,12,960
2024-12-29,86,19,1,12,1032
2025-01-05,89,19,1,12,1068
2025-01-12,83,19,1,12,996
2025-01-19,92,19,1,12,1104
2025-01-26,81,19,1,12,972
2025-02-02,71,19,1,12,852
2025-02-09,75,19,1,12,900
2025-02-16,72,19,1,12,864
2025-02-23,51,19,1,12,612
2024-01-07,54,20,5,60,3240
2024-01-14,70,20,5,60,4200
2024-01-21,50,20,5,60,3000
2024-01-28,52,20,5,60,3120
2024-02-04,73,20,5,60,4380
2024-02-11,73,20,5,60,4380
2024-02-18,82,20,5,60,4920
2024-02-25,80,20,5,60,4800
2024-03-03,70,20,5,60,4200
2024-03-10,81,20,5,60,4860
2024-03-17,67,20,5,60,4020
2024-03-24,76,20,5,60,4560
2024-03-31,83,20,5,60,4980
2024-04-07,74,20,5,60,4440
2024-04-14,101,20,5,60,6060
2024-04-21,56,20,5,60,3360
2024-04-28,68,20,5,60,4080
2024-05-05,62,20,5,60,3720
2024-05-12,62,20,5,60,3720
2024-05-19,60,20,5,60,3600
2024-05-26,51,20,5,60,3060
2024-06-02,69,20,5,60,4140
2024-06-09,54,20,5,60,3240
2024-06-16,58,20,5,60,3480
2024-06-23,51,20,5,60,3060
2024-06-30,46,20,5,60,2760
2024-07-07,69,20,5,60,4140
2024-07-14,61,20,5,60,3660
2024-07-21,32,20,5,60,1920
2024-07-28,31,20,5,60,1860
2024-08-04,62,20,5,60,3720
2024-08-11,48,20,5,60,2880
2024-08-18,38,20,5,60,2280
2024-08-25,67,20,5,60,4020
2024-09-01,61,20,5,60,3660
2024-09-08,65,20,5,60,3900
2024-09-15,74,20,5,60,4440
2024-09-22,56,20,5,60,3360
2024-09-29,57,20,5,60,3420
2024-10-06,93,20,5,60,5580
2024-10-13,67,20,5,60,4020
2024-10-20,73,20,5,60,4380
2024-10-27,78,20,5,60,4680
2024-11-03,113,20,5,60,6780
2024-11-10,100,20,5,60,6000
2024-11-17,108,20,5,60,6480
2024-11-24,102,20,5,60,6120
2024-12-01,96,20,5,60,5760
2024-12-08,110,20,5,60,6600
2024-12-15,89,20,5,60,5340
2024-12-22,95,20,5,60,5700
2024-12-29,113,20,5,60,6780
2025-01-05,92,20,5,60,5520
2025-01-12,102,20,5,60,6120
2025-01-19,101,20,5,60,6060
2025-01-26,96,20,5,60,5760
2025-02-02,80,20,5,60,4800
2025-02-09,91,20,5,60,5460
2025-02-16,86,20,5,60,5160
2025-02-23,94,20,5,60,5640
2024-01-07,91,21,5,82,7462
2024-01-14,89,21,5,82,7298
2024-01-21,83,21,5,82,6806
2024-01-28,78,21,5,82,6396
2024-02-04,106,21,5,82,8692
2024-02-11,93,21,5,82,7626
2024-02-18,99,21,5,82,8118
2024-02-25,105,21,5,82,8610
2024-03-03,94,21,5,82,7708
2024-03-10,102,21,5,82,8364
2024-03-17,114,21,5,82,9348
2024-03-24,114,21,5,82,9348
2024-03-31,114,21,5,82,9348
2024-04-07,94,21,5,82,7708
2024-04-14,102,21,5,82,8364
2024-04-21,99,21,5,82,8118
2024-04-28,106,21,5,82,8692
2024-05-05,103,21,5,82,8446
2024-05-12,99,21,5,82,8118
2024-05-19,120,21,5,82,9840
2024-05-26,90,21,5,82,7380
2024-06-02,86,21,5,82,7052
2024-06-09,76,21,5,82,6232
2024-06-16,70,21,5,82,5740
2024-06-23,72,21,5,82,5904
2024-06-30,75,21,5,82,6150
2024-07-07,94,21,5,82,7708
2024-07-14,81,21,5,82,6642
2024-07-21,82,21,5,82,6724
2024-07-28,80,21,5,82,6560
2024-08-04,85,21,5,82,6970
2024-08-11,97,21,5,82,7954
2024-08-18,65,21,5,82,5330
2024-08-25,99,21,5,82,8118
2024-09-01,64,21,5,82,5248
2024-09-08,93,21,5,82,7626
2024-09-15,118,21,5,82,9676
2024-09-22,106,21,5,82,8692
2024-09-29,107,21,5,82,8774
2024-10-06,127,21,5,82,10414
2024-10-13,104,21,5,82,8528
2024-10-20,120,21,5,82,9840
2024-10-27,125,21,5,82,10250
2024-11-03,117,21,5,82,9594
2024-11-10,122,21,5,82,10004
2024-11-17,123,21,5,82,10086
2024-11-24,132,21,5,82,10824
2024-12-01,139,21,5,82,11398
2024-12-08,136,21,5,82,11152
2024-12-15,143,21,5,82,11726
2024-12-22,117,21,5,82,9594
2024-12-29,135,21,5,82,11070
2025-01-05,126,21,5,82,10332
2025-01-12,139,21,5,82,11398
2025-01-19,137,21,5,82,11234
2025-01-26,132,21,5,82,10824
2025-02-02,136,21,5,82,11152
2025-02-09,139,21,5,82,11398
2025-02-16,126,21,5,82,10332
2025-02-23,113,21,5,82,9266
2024-01-07,76,22,2,13,988
2024-01-14,79,22,2,13,1027
2024-01-21,79,22,2,13,1027
2024-01-28,89,22,2,13,1157
2024-02-04,95,22,2,13,1235
2024-02-11,92,22,2,13,1196
2024-02-18,89,22,2,13,1157
2024-02-25,101,22,2,13,1313
2024-03-03,96,22,2,13,1248
2024-03-10,94,22,2,13,1222
2024-03-17,83,22,2,13,1079
2024-03-24,80,22,2,13,1040
2024-03-31,81,22,2,13,1053
2024-04-07,96,22,2,13,1248
2024-04-14,91,22,2,13,1183
2024-04-21,74,22,2,13,962
2024-04-28,93,22,2,13,1209
2024-05-05,97,22,2,13,1261
2024-05-12,74,22,2,13,962
2024-05-19,60,22,2,13,780
2024-05-26,67,22,2,13,871
2024-06-02,79,22,2,13,1027
2024-06-09,73,22,2,13,949
2024-06-16,55,22,2,13,715
2024-06-23,77,22,2,13,1001
2024-06-30,73,22,2,13,949
2024-07-07,50,22,2,13,650
2024-07-14,48,22,2,13,624
2024-07-21,49,22,2,13,637
2024-07-28,49,22,2,13,637
2024-08-04,64,22,2,13,832
2024-08-11,59,22,2,13,767
2024-08-18,64,22,2,13,832
2024-08-25,63,22,2,13,819
2024-09-01,76,22,2,13,988
2024-09-08,50,22,2,13,650
2024-09-15,67,22,2,13,871
2024-09-22,44,22,2,13,572
2024-09-29,56,22,2,13,728
2024-10-06,71,22,2,13,923
2024-10-13,79,22,2,13,1027
2024-10-20,77,22,2,13,1001
2024-10-27,75,22,2,13,975
2024-11-03,80,22,2,13,1040
2024-11-10,100,22,2,13,1300
2024-11-17,84,22,2,13,1092
2024-11-24,107,22,2,13,1391
2024-12-01,99,22,2,13,1287
2024-12-08,96,22,2,13,1248
2024-12-15,80,22,2,13,1040
2024-12-22,101,22,2,13,1313
2024-12-29,86,22,2,13,1118
2025-01-05,78,22,2,13,1014
2025-01-12,93,22,2,13,1209
2025-01-19,72,22,2,13,936
2025-01-26,76,22,2,13,988
2025-02-02,80,22,2,13,1040
2025-02-09,100,22,2,13,1300
2025-02-16,67,22,2,13,871
2025-02-23,66,22,2,13,858
2024-01-07,89,23,1,69,6141
2024-01-14,72,23,1,69,4968
2024-01-21,60,23,1,69,4140
2024-01-28,82,23,1,69,5658
2024-02-04,80,23,1,69,5520
2024-02-11,69,23,1,69,4761
2024-02-18,97,23,1,69,6693
2024-02-25,97,23,1,69,6693
2024-03-03,108,23,1,69,7452
2024-03-10,86,23,1,69,5934
2024-03-17,82,23,1,69,5658
2024-03-24,93,23,1,69,6417
2024-03-31,96,23,1,69,6624
2024-04-07,104,23,1,69,7176
2024-04-14,108,23,1,69,7452
2024-04-21,103,23,1,69,7107
2024-04-28,92,23,1,69,6348
2024-05-05,94,23,1,69,6486
2024-05-12,77,23,1,69,5313
2024-05-19,82,23,1,69,5658
2024-05-26,65,23,1,69,4485
2024-06-02,74,23,1,69,5106
2024-06-09,72,23,1,69,4968
2024-06-16,85,23,1,69,5865
2024-06-23,63,23,1,69,4347
2024-06-30,64,23,1,69,4416
2024-07-07,64,23,1,69,4416
2024-07-14,55,23,1,69,3795
2024-07-21,51,23,1,69,3519
2024-07-28,72,23,1,69,4968
2024-08-04,49,23,1,69,3381
2024-08-11,46,23,1,69,3174
2024-08-18,67,23,1,69,4623
2024-08-25,73,23,1,69,5037
2024-09-01,59,23,1,69,4071
2024-09-08,62,23,1,69,4278
2024-09-15,72,23,1,69,4968
2024-09-22,65,23,1,69,4485
2024-09-29,67,23,1,69,4623
2024-10-06,87,23,1,69,6003
2024-10-13,87,23,1,69,6003
2024-10-20,97,23,1,69,6693
2024-10-27,75,23,1,69,5175
2024-11-03,85,23,1,69,5865
2024-11-10,96,23,1,69,6624
2024-11-17,86,23,1,69,5934
2024-11-24,103,23,1,69,7107
2024-12-01,110,23,1,69,7590
2024-12-08,93,23,1,69,6417
2024-12-15,100,23,1,69,6900
2024-12-22,114,23,1,69,7866
2024-12-29,117,23,1,69,8073
2025-01-05,105,23,1,69,7245
2025-01-12,102,23,1,69,7038
2025-01-19,86,23,1,69,5934
2025-01-26,95,23,1,69,6555
2025-02-02,95,23,1,69,6555
2025-02-09,84,23,1,69,5796
2025-02-16,77,23,1,69,5313
2025-02-23,67,23,1,69,4623
2024-01-07,89,24,2,18,1602
2024-01-14,61,24,2,18,1098
2024-01-21,74,24,2,18,1332
2024-01-28,77,24,2,18,1386
2024-02-04,86,24,2,18,1548
2024-02-11,94,24,2,18,1692
2024-02-18,98,24,2,18,1764
2024-02-25,86,24,2,18,1548
2024-03-03,92,24,2,18,1656
2024-03-10,98,24,2,18,1764
2024-03-17,93,24,2,18,1674
2024-03-24,112,24,2,18,2016
2024-03-31,101,24,2,18,1818
2024-04-07,103,24,2,18,1854
2024-04-14,102,24,2,18,1836
2024-04-21,105,24,2,18,1890
2024-04-28,94,24,2,18,1692
2024-05-05,77,24,2,18,1386
2024-05-12,92,24,2,18,1656
2024-05-19,79,24,2,18,1422
2024-05-26,78,24,2,18,1404
2024-06-02,86,24,2,18,1548
2024-06-09,91,24,2,18,1638
2024-06-16,76,24,2,18,1368
2024-06-23,77,24,2,18,1386
2024-06-30,90,24,2,18,1620
2024-07-07,74,24,2,18,1332
2024-07-14,97,24,2,18,1746
2024-07-21,77,24,2,18,1386
2024-07-28,54,24,2,18,972
2024-08-04,79,24,2,18,1422
2024-08-11,77,24,2,18,1386
2024-08-18,88,24,2,18,1584
2024-08-25,84,24,2,18,1512
2024-09-01,79,24,2,18,1422
2024-09-08,71,24,2,18,1278
2024-09-15,84,24,2,18,1512
2024-09-22,82,24,2,18,1476
2024-09-29,88,24,2,18,1584
2024-10-06,104,24,2,18,1872
2024-10-13,119,24,2,18,2142
2024-10-20,110,24,2,18,1980
2024-10-27,98,24,2,18,1764
2024-11-03,118,24,2,18,2124
2024-11-10,129,24,2,18,2322
2024-11-17,113,24,2,18,2034
2024-11-24,121,24,2,18,2178
2024-12-01,124,24,2,18,2232
2024-12-08,118,24,2,18,2124
2024-12-15,134,24,2,18,2412
2024-12-22,126,24,2,18,2268
2024-12-29,132,24,2,18,2376
2025-01-05,119,24,2,18,2142
2025-01-12,122,24,2,18,2196
2025-01-19,133,24,2,18,2394
2025-01-26,120,24,2,18,2160
2025-02-02,139,24,2,18,2502
2025-02-09,116,24,2,18,2088
2025-02-16,120,24,2,18,2160
2025-02-23,124,24,2,18,2232
2024-01-07,42,25,2,62,2604
2024-01-14,38,25,2,62,2356
2024-01-21,64,25,2,62,3968
2024-01-28,55,25,2,62,3410
2024-02-04,80,25,2,62,4960
2024-02-11,66,25,2,62,4092
2024-02-18,66,25,2,62,4092
2024-02-25,67,25,2,62,4154
2024-03-03,70,25,2,62,4340
2024-03-10,75,25,2,62,4650
2024-03-17,100,25,2,62,6200
2024-03-24,72,25,2,62,4464
2024-03-31,73,25,2,62,4526
2024-04-07,76,25,2,62,4712
2024-04-14,85,25,2,62,5270
2024-04-21,59,25,2,62,3658
2024-04-28,76,25,2,62,4712
2024-05-05,62,25,2,62,3844
2024-05-12,73,25,2,62,4526
2024-05-19,61,25,2,62,3782
2024-05-26,40,25,2,62,2480
2024-06-02,65,25,2,62,4030
2024-06-09,62,25,2,62,3844
2024-06-16,51,25,2,62,3162
2024-06-23,49,25,2,62,3038
2024-06-30,41,25,2,62,2542
2024-07-07,61,25,2,62,3782
2024-07-14,61,25,2,62,3782
2024-07-21,43,25,2,62,2666
2024-07-28,47,25,2,62,2914
2024-08-04,53,25,2,62,3286
2024-08-11,78,25,2,62,4836
2024-08-18,62,25,2,62,3844
2024-08-25,50,25,2,62,3100
2024-09-01,65,25,2,62,4030
2024-09-08,52,25,2,62,3224
2024-09-15,76,25,2,62,4712
2024-09-22,89,25,2,62,5518
2024-09-29,93,25,2,62,5766
2024-10-06,88,25,2,62,5456
2024-10-13,79,25,2,62,4898
2024-10-20,76,25,2,62,4712
2024-10-27,79,25,2,62,4898
2024-11-03,68,25,2,62,4216
2024-11-10,107,25,2,62,6634
2024-11-17,102,25,2,62,6324
2024-11-24,115,25,2,62,7130
2024-12-01,122,25,2,62,7564
2024-12-08,111,25,2,62,6882
2024-12-15,112,25,2,62,6944
2024-12-22,107,25,2,62,6634
2024-12-29,108,25,2,62,6696
2025-01-05,119,25,2,62,7378
2025-01-12,109,25,2,62,6758
2025-01-19,107,25,2,62,6634
2025-01-26,108,25,2,62,6696
2025-02-02,115,25,2,62,7130
2025-02-09,98,25,2,62,6076
2025-02-16,102,25,2,62,6324
2025-02-23,102,25,2,62,6324
2024-01-07,91,26,2,93,8463
2024-01-14,97,26,2,93,9021
2024-01-21,116,26,2,93,10788
2024-01-28,130,26,2,93,12090
2024-02-04,100,26,2,93,9300
2024-02-11,105,26,2,93,9765
2024-02-18,117,26,2,93,10881
2024-02-25,123,26,2,93,11439
2024-03-03,131,26,2,93,12183
2024-03-10,116,26,2,93,10788
2024-03-17,115,26,2,93,10695
2024-03-24,128,26,2,93,11904
2024-03-31,124,26,2,93,11532
2024-04-07,135,26,2,93,12555
2024-04-14,130,26,2,93,12090
2024-04-21,129,26,2,93,11997
2024-04-28,120,26,2,93,11160
2024-05-05,143,26,2,93,13299
2024-05-12,109,26,2,93,10137
2024-05-19,121,26,2,93,11253
2024-05-26,100,26,2,93,9300
2024-06-02,99,26,2,93,9207
2024-06-09,102,26,2,93,9486
2024-06-16,122,26,2,93,11346
2024-06-23,107,26,2,93,9951
2024-06-30,97,26,2,93,9021
2024-07-07,105,26,2,93,9765
2024-07-14,101,26,2,93,9393
2024-07-21,95,26,2,93,8835
2024-07-28,87,26,2,93,8091
2024-08-04,116,26,2,93,10788
2024-08-11,105,26,2,93,9765
2024-08-18,126,26,2,93,11718
2024-08-25,116,26,2,93,10788
2024-09-01,115,26,2,93,10695
2024-09-08,108,26,2,93,10044
2024-09-15,105,26,2,93,9765
2024-09-22,117,26,2,93,10881
2024-09-29,112,26,2,93,10416
2024-10-06,134,26,2,93,12462
2024-10-13,148,26,2,93,13764
2024-10-20,133,26,2,93,12369
2024-10-27,148,26,2,93,13764
2024-11-03,136,26,2,93,12648
2024-11-10,143,26,2,93,13299
2024-11-17,141,26,2,93,13113
2024-11-24,130,26,2,93,12090
2024-12-01,153,26,2,93,14229
2024-12-08,156,26,2,93,14508
2024-12-15,167,26,2,93,15531
2024-12-22,165,26,2,93,15345
2024-12-29,165,26,2,93,15345
2025-01-05,147,26,2,93,13671
2025-01-12,160,26,2,93,14880
2025-01-19,170,26,2,93,15810
2025-01-26,157,26,2,93,14601
2025-02-02,169,26,2,93,15717
2025-02-09,169,26,2,93,15717
2025-02-16,144,26,2,93,13392
2025-02-23,137,26,2,93,12741
2024-01-07,66,27,4,69,4554
2024-01-14,53,27,4,69,3657
2024-01-21,53,27,4,69,3657
2024-01-28,44,27,4,69,3036
2024-02-04,61,27,4,69,4209
2024-02-11,71,27,4,69,4899
2024-02-18,63,27,4,69,4347
2024-02-25,76,27,4,69,5244
2024-03-03,94,27,4,69,6486
2024-03-10,76,27,4,69,5244
2024-03-17,75,27,4,69,5175
2024-03-24,74,27,4,69,5106
2024-03-31,74,27,4,69,5106
2024-04-07,90,27,4,69,6210
2024-04-14,85,27,4,69,5865
2024-04-21,93,27,4,69,6417
2024-04-28,102,27,4,69,7038
2024-05-05,62,27,4,69,4278
2024-05-12,82,27,4,69,5658
2024-05-19,65,27,4,69,4485
2024-05-26,82,27,4,69,5658
2024-06-02,70,27,4,69,4830
2024-06-09,71,27,4,69,4899
2024-06-16,56,27,4,69,3864
2024-06-23,63,27,4,69,4347
2024-06-30,67,27,4,69,4623
2024-07-07,79,27,4,69,5451
2024-07-14,57,27,4,69,3933
2024-07-21,59,27,4,69,4071
2024-07-28,75,27,4,69,5175
2024-08-04,58,27,4,69,4002
2024-08-11,80,27,4,69,5520
2024-08-18,70,27,4,69,4830
2024-08-25,76,27,4,69,5244
2024-09-01,80,27,4,69,5520
2024-09-08,73,27,4,69,5037
2024-09-15,87,27,4,69,6003
2024-09-22,79,27,4,69,5451
2024-09-29,86,27,4,69,5934
2024-10-06,101,27,4,69,6969
2024-10-13,103,27,4,69,7107
2024-10-20,103,27,4,69,7107
2024-10-27,96,27,4,69,6624
2024-11-03,102,27,4,69,7038
2024-11-10,119,27,4,69,8211
2024-11-17,126,27,4,69,8694
2024-11-24,111,27,4,69,7659
2024-12-01,116,27,4,69,8004
2024-12-08,128,27,4,69,8832
2024-12-15,129,27,4,69,8901
2024-12-22,113,27,4,69,7797
2024-12-29,131,27,4,69,9039
2025-01-05,123,27,4,69,8487
2025-01-12,145,27,4,69,10005
2025-01-19,130,27,4,69,8970
2025-01-26,131,27,4,69,9039
2025-02-02,129,27,4,69,8901
2025-02-09,111,27,4,69,7659
2025-02-16,141,27,4,69,9729
2025-02-23,103,27,4,69,7107
2024-01-07,30,28,4,17,510
2024-01-14,34,28,4,17,578
2024-01-21,29,28,4,17,493
2024-01-28,40,28,4,17,680
2024-02-04,31,28,4,17,527
2024-02-11,49,28,4,17,833
2024-02-18,55,28,4,17,935
2024-02-25,45,28,4,17,765
2024-03-03,44,28,4,17,748
2024-03-10,39,28,4,17,663
2024-03-17,67,28,4,17,1139
2024-03-24,48,28,4,17,816
2024-03-31,51,28,4,17,867
2024-04-07,55,28,4,17,935
2024-04-14,54,28,4,17,918
2024-04-21,57,28,4,17,969
2024-04-28,44,28,4,17,748
2024-05-05,34,28,4,17,578
2024-05-12,30,28,4,17,510
2024-05-19,35,28,4,17,595
2024-05-26,28,28,4,17,476
2024-06-02,32,28,4,17,544
2024-06-09,46,28,4,17,782
2024-06-16,27,28,4,17,459
2024-06-23,25,28,4,17,425
2024-06-30,27,28,4,17,459
2024-07-07,22,28,4,17,374
2024-07-14,24,28,4,17,408
2024-07-21,30,28,4,17,510
2024-07-28,34,28,4,17,578
2024-08-04,35,28,4,17,595
2024-08-11,47,28,4,17,799
2024-08-18,34,28,4,17,578
2024-08-25,53,28,4,17,901
2024-09-01,25,28,4,17,425
2024-09-08,57,28,4,17,969
2024-09-15,35,28,4,17,595
2024-09-22,40,28,4,17,680
2024-09-29,45,28,4,17,765
2024-10-06,48,28,4,17,816
2024-10-13,55,28,4,17,935
2024-10-20,52,28,4,17,884
2024-10-27,70,28,4,17,1190
2024-11-03,59,28,4,17,1003
2024-11-10,74,28,4,17,1258
2024-11-17,86,28,4,17,1462
2024-11-24,70,28,4,17,1190
2024-12-01,83,28,4,17,1411
2024-12-08,82,28,4,17,1394
2024-12-15,100,28,4,17,1700
2024-12-22,73,28,4,17,1241
2024-12-29,86,28,4,17,1462
2025-01-05,61,28,4,17,1037
2025-01-12,72,28,4,17,1224
2025-01-19,79,28,4,17,1343
2025-01-26,87,28,4,17,1479
2025-02-02,59,28,4,17,1003
2025-02-09,77,28,4,17,1309
2025-02-16,66,28,4,17,1122
2025-02-23,49,28,4,17,833
2024-01-07,71,29,3,87,6177
2024-01-14,85,29,3,87,7395
2024-01-21,79,29,3,87,6873
2024-01-28,88,29,3,87,7656
2024-02-04,110,29,3,87,9570
2024-02-11,96,29,3,87,8352
2024-02-18,115,29,3,87,10005
2024-02-25,115,29,3,87,10005
2024-03-03,102,29,3,87,8874
2024-03-10,101,29,3,87,8787
2024-03-17,98,29,3,87,8526
2024-03-24,98,29,3,87,8526
2024-03-31,110,29,3,87,9570
2024-04-07,106,29,3,87,9222
2024-04-14,99,29,3,87,8613
2024-04-21,88,29,3,87,7656
2024-04-28,102,29,3,87,8874
2024-05-05,94,29,3,87,8178
2024-05-12,94,29,3,87,8178
2024-05-19,97,29,3,87,8439
2024-05-26,66,29,3,87,5742
2024-06-02,73,29,3,87,6351
2024-06-09,109,29,3,87,9483
2024-06-16,78,29,3,87,6786
2024-06-23,56,29,3,87,4872
2024-06-30,65,29,3,87,5655
2024-07-07,103,29,3,87,8961
2024-07-14,70,29,3,87,6090
2024-07-21,88,29,3,87,7656
2024-07-28,78,29,3,87,6786
2024-08-04,72,29,3,87,6264
2024-08-11,86,29,3,87,7482
2024-08-18,56,29,3,87,4872
2024-08-25,67,29,3,87,5829
2024-09-01,79,29,3,87,6873
2024-09-08,74,29,3,87,6438
2024-09-15,84,29,3,87,7308
2024-09-22,102,29,3,87,8874
2024-09-29,98,29,3,87,8526
2024-10-06,114,29,3,87,9918
2024-10-13,106,29,3,87,9222
2024-10-20,118,29,3,87,10266
2024-10-27,111,29,3,87,9657
2024-11-03,109,29,3,87,9483
2024-11-10,133,29,3,87,11571
2024-11-17,114,29,3,87,9918
2024-11-24,126,29,3,87,10962
2024-12-01,132,29,3,87,11484
2024-12-08,134,29,3,87,11658
2024-12-15,115,29,3,87,10005
2024-12-22,138,29,3,87,12006
2024-12-29,117,29,3,87,10179
2025-01-05,135,29,3,87,11745
2025-01-12,131,29,3,87,11397
2025-01-19,132,29,3,87,11484
2025-01-26,110,29,3,87,9570
2025-02-02,126,29,3,87,10962
2025-02-09,128,29,3,87,11136
2025-02-16,117,29,3,87,10179
2025-02-23,104,29,3,87,9048
2024-01-07,47,30,1,45,2115
2024-01-14,62,30,1,45,2790
2024-01-21,68,30,1,45,3060
2024-01-28,53,30,1,45,2385
2024-02-04,82,30,1,45,3690
2024-02-11,57,30,1,45,2565
2024-02-18,79,30,1,45,3555
2024-02-25,76,30,1,45,3420
2024-03-03,76,30,1,45,3420
2024-03-10,102,30,1,45,4590
2024-03-17,75,30,1,45,3375
2024-03-24,75,30,1,45,3375
2024-03-31,92,30,1,45,4140
2024-04-07,86,30,1,45,3870
2024-04-14,90,30,1,45,4050
2024-04-21,77,30,1,45,3465
2024-04-28,78,30,1,45,3510
2024-05-05,92,30,1,45,4140
2024-05-12,62,30,1,45,2790
2024-05-19,67,30,1,45,3015
2024-05-26,74,30,1,45,3330
2024-06-02,62,30,1,45,2790
2024-06-09,56,30,1,45,2520
2024-06-16,66,30,1,45,2970
2024-06-23,71,30,1,45,3195
2024-06-30,55,30,1,45,2475
2024-07-07,54,30,1,45,2430
2024-07-14,48,30,1,45,2160
2024-07-21,52,30,1,45,2340
2024-07-28,66,30,1,45,2970
2024-08-04,57,30,1,45,2565
2024-08-11,49,30,1,45,2205
2024-08-18,62,30,1,45,2790
2024-08-25,72,30,1,45,3240
2024-09-01,59,30,1,45,2655
2024-09-08,54,30,1,45,2430
2024-09-15,93,30,1,45,4185
2024-09-22,61,30,1,45,2745
2024-09-29,75,30,1,45,3375
2024-10-06,85,30,1,45,3825
2024-10-13,84,30,1,45,3780
2024-10-20,90,30,1,45,4050
2024-10-27,101,30,1,45,4545
2024-11-03,75,30,1,45,3375
2024-11-10,89,30,1,45,4005
2024-11-17,106,30,1,45,4770
2024-11-24,104,30,1,45,4680
2024-12-01,111,30,1,45,4995
2024-12-08,114,30,1,45,5130
2024-12-15,92,30,1,45,4140
2024-12-22,126,30,1,45,5670
2024-12-29,109,30,1,45,4905
2025-01-05,105,30,1,45,4725
2025-01-12,115,30,1,45,5175
2025-01-19,113,30,1,45,5085
2025-01-26,122,30,1,45,5490
2025-02-02,111,30,1,45,4995
2025-02-09,118,30,1,45,5310
2025-02-16,95,30,1,45,4275
2025-02-23,103,30,1,45,4635
2024-01-07,48,31,2,13,624
2024-01-14,64,31,2,13,832
2024-01-21,65,31,2,13,845
2024-01-28,69,31,2,13,897
2024-02-04,72,31,2,13,936
2024-02-11,84,31,2,13,1092
2024-02-18,63,31,2,13,819
2024-02-25,72,31,2,13,936
2024-03-03,83,31,2,13,1079
2024-03-10,73,31,2,13,949
2024-03-17,86,31,2,13,1118
2024-03-24,85,31,2,13,1105
2024-03-31,72,31,2,13,936
2024-04-07,70,31,2,13,910
2024-04-14,58,31,2,13,754
2024-04-21,70,31,2,13,910
2024-04-28,81,31,2,13,1053
2024-05-05,80,31,2,13,1040
2024-05-12,78,31,2,13,1014
2024-05-19,66,31,2,13,858
2024-05-26,71,31,2,13,923
2024-06-02,72,31,2,13,936
2024-06-09,53,31,2,13,689
2024-06-16,65,31,2,13,845
2024-06-23,68,31,2,13,884
2024-06-30,55,31,2,13,715
2024-07-07,69,31,2,13,897
2024-07-14,53,31,2,13,689
2024-07-21,49,31,2,13,637
2024-07-28,63,31,2,13,819
2024-08-04,79,31,2,13,1027
2024-08-11,60,31,2,13,780
2024-08-18,68,31,2,13,884
2024-08-25,58,31,2,13,754
2024-09-01,53,31,2,13,689
2024-09-08,70,31,2,13,910
2024-09-15,75,31,2,13,975
2024-09-22,72,31,2,13,936
2024-09-29,86,31,2,13,1118
2024-10-06,77,31,2,13,1001
2024-10-13,78,31,2,13,1014
2024-10-20,101,31,2,13,1313
2024-10-27,105,31,2,13,1365
2024-11-03,91,31,2,13,1183
2024-11-10,118,31,2,13,1534
2024-11-17,101,31,2,13,1313
2024-11-24,107,31,2,13,1391
2024-12-01,107,31,2,13,1391
2024-12-08,115,31,2,13,1495
2024-12-15,113,31,2,13,1469
2024-12-22,114,31,2,13,1482
2024-12-29,101,31,2,13,1313
2025-01-05,94,31,2,13,1222
2025-01-12,121,31,2,13,1573
2025-01-19,103,31,2,13,1339
2025-01-26,106,31,2,13,1378
2025-02-02,108,31,2,13,1404
2025-02-09,118,31,2,13,1534
2025-02-16,101,31,2,13,1313
2025-02-23,93,31,2,13,1209
2024-01-07,50,32,2,15,750
2024-01-14,60,32,2,15,900
2024-01-21,59,32,2,15,885
2024-01-28,57,32,2,15,855
2024-02-04,44,32,2,15,660
2024-02-11,65,32,2,15,975
2024-02-18,100,32,2,15,1500
2024-02-25,57,32,2,15,855
2024-03-03,53,32,2,15,795
2024-03-10,91,32,2,15,1365
2024-03-17,80,32,2,15,1200
2024-03-24,74,32,2,15,1110
2024-03-31,85,32,2,15,1275
2024-04-07,62,32,2,15,930
2024-04-14,68,32,2,15,1020
2024-04-21,77,32,2,15,1155
2024-04-28,86,32,2,15,1290
2024-05-05,51,32,2,15,765
2024-05-12,73,32,2,15,1095
2024-05-19,61,32,2,15,915
2024-05-26,56,32,2,15,840
2024-06-02,51,32,2,15,765
2024-06-09,34,32,2,15,510
2024-06-16,55,32,2,15,825
2024-06-23,36,32,2,15,540
2024-06-30,31,32,2,15,465
2024-07-07,49,32,2,15,735
2024-07-14,46,32,2,15,690
2024-07-21,38,32,2,15,570
2024-07-28,48,32,2,15,720
2024-08-04,52,32,2,15,780
2024-08-11,52,32,2,15,780
2024-08-18,34,32,2,15,510
2024-08-25,52,32,2,15,780
2024-09-01,46,32,2,15,690
2024-09-08,63,32,2,15,945
2024-09-15,48,32,2,15,720
2024-09-22,49,32,2,15,735
2024-09-29,49,32,2,15,735
2024-10-06,61,32,2,15,915
2024-10-13,67,32,2,15,1005
2024-10-20,71,32,2,15,1065
2024-10-27,72,32,2,15,1080
2024-11-03,79,32,2,15,1185
2024-11-10,73,32,2,15,1095
2024-11-17,68,32,2,15,1020
2024-11-24,70,32,2,15,1050
2024-12-01,91,32,2,15,1365
2024-12-08,87,32,2,15,1305
2024-12-15,64,32,2,15,960
2024-12-22,94,32,2,15,1410
2024-12-29,101,32,2,15,1515
2025-01-05,74,32,2,15,1110
2025-01-12,83,32,2,15,1245
2025-01-19,73,32,2,15,1095
2025-01-26,82,32,2,15,1230
2025-02-02,62,32,2,15,930
2025-02-09,70,32,2,15,1050
2025-02-16,78,32,2,15,1170
2025-02-23,77,32,2,15,1155
2024-01-07,49,33,2,13,637
2024-01-14,37,33,2,13,481
2024-01-21,45,33,2,13,585
2024-01-28,56,33,2,13,728
2024-02-04,49,33,2,13,637
2024-02-11,61,33,2,13,793
2024-02-18,41,33,2,13,533
2024-02-25,57,33,2,13,741
2024-03-03,60,33,2,13,780
2024-03-10,61,33,2,13,793
2024-03-17,44,33,2,13,572
2024-03-24,72,33,2,13,936
2024-03-31,51,33,2,13,663
2024-04-07,62,33,2,13,806
2024-04-14,57,33,2,13,741
2024-04-21,64,33,2,13,832
2024-04-28,74,33,2,13,962
2024-05-05,36,33,2,13,468
2024-05-12,40,33,2,13,520
2024-05-19,45,33,2,13,585
2024-05-26,29,33,2,13,377
2024-06-02,45,33,2,13,585
2024-06-09,42,33,2,13,546
2024-06-16,37,33,2,13,481
2024-06-23,31,33,2,13,403
2024-06-30,40,33,2,13,520
2024-07-07,13,33,2,13,169
2024-07-14,24,33,2,13,312
2024-07-21,15,33,2,13,195
2024-07-28,30,33,2,13,390
2024-08-04,3,33,2,13,39
2024-08-11,22,33,2,13,286
2024-08-18,27,33,2,13,351
2024-08-25,15,33,2,13,195
2024-09-01,20,33,2,13,260
2024-09-08,29,33,2,13,377
2024-09-15,41,33,2,13,533
2024-09-22,24,33,2,13,312
2024-09-29,29,33,2,13,377
2024-10-06,52,33,2,13,676
2024-10-13,41,33,2,13,533
2024-10-20,40,33,2,13,520
2024-10-27,58,33,2,13,754
2024-11-03,48,33,2,13,624
2024-11-10,66,33,2,13,858
2024-11-17,51,33,2,13,663
2024-11-24,58,33,2,13,754
2024-12-01,71,33,2,13,923
2024-12-08,60,33,2,13,780
2024-12-15,70,33,2,13,910
2024-12-22,62,33,2,13,806
2024-12-29,82,33,2,13,1066
2025-01-05,76,33,2,13,988
2025-01-12,46,33,2,13,598
2025-01-19,62,33,2,13,806
2025-01-26,47,33,2,13,611
2025-02-02,54,33,2,13,702
2025-02-09,50,33,2,13,650
2025-02-16,36,33,2,13,468
2025-02-23,54,33,2,13,702
2024-01-07,36,34,5,72,2592
2024-01-14,46,34,5,72,3312
2024-01-21,37,34,5,72,2664
2024-01-28,37,34,5,72,2664
2024-02-04,46,34,5,72,3312
2024-02-11,55,34,5,72,3960
2024-02-18,37,34,5,72,2664
2024-02-25,31,34,5,72,2232
2024-03-03,51,34,5,72,3672
2024-03-10,46,34,5,72,3312
2024-03-17,54,34,5,72,3888
2024-03-24,58,34,5,72,4176
2024-03-31,55,34,5,72,3960
2024-04-07,74,34,5,72,5328
2024-04-14,62,34,5,72,4464
2024-04-21,60,34,5,72,4320
2024-04-28,62,34,5,72,4464
2024-05-05,42,34,5,72,3024
2024-05-12,62,34,5,72,4464
2024-05-19,48,34,5,72,3456
2024-05-26,54,34,5,72,3888
2024-06-02,34,34,5,72,2448
2024-06-09,27,34,5,72,1944
2024-06-16,49,34,5,72,3528
2024-06-23,43,34,5,72,3096
2024-06-30,28,34,5,72,2016
2024-07-07,28,34,5,72,2016
2024-07-14,47,34,5,72,3384
2024-07-21,24,34,5,72,1728
2024-07-28,53,34,5,72,3816
2024-08-04,28,34,5,72,2016
2024-08-11,45,34,5,72,3240
2024-08-18,37,34,5,72,2664
2024-08-25,49,34,5,72,3528
2024-09-01,40,34,5,72,2880
2024-09-08,47,34,5,72,3384
2024-09-15,53,34,5,72,3816
2024-09-22,46,34,5,72,3312
2024-09-29,67,34,5,72,4824
2024-10-06,59,34,5,72,4248
2024-10-13,66,34,5,72,4752
2024-10-20,62,34,5,72,4464
2024-10-27,50,34,5,72,3600
2024-11-03,78,34,5,72,5616
2024-11-10,107,34,5,72,7704
2024-11-17,94,34,5,72,6768
2024-11-24,89,34,5,72,6408
2024-12-01,88,34,5,72,6336
2024-12-08,93,34,5,72,6696
2024-12-15,99,34,5,72,7128
2024-12-22,83,34,5,72,5976
2024-12-29,106,34,5,72,7632
2025-01-05,102,34,5,72,7344
2025-01-12,101,34,5,72,7272
2025-01-19,97,34,5,72,6984
2025-01-26,92,34,5,72,6624
2025-02-02,96,34,5,72,6912
2025-02-09,93,34,5,72,6696
2025-02-16,82,34,5,72,5904
2025-02-23,77,34,5,72,5544
2024-01-07,26,35,2,99,2574
2024-01-14,45,35,2,99,4455
2024-01-21,50,35,2,99,4950
2024-01-28,63,35,2,99,6237
2024-02-04,65,35,2,99,6435
2024-02-11,56,35,2,99,5544
2024-02-18,61,35,2,99,6039
2024-02-25,54,35,2,99,5346
2024-03-03,59,35,2,99,5841
2024-03-10,74,35,2,99,7326
2024-03-17,58,35,2,99,5742
2024-03-24,66,35,2,99,6534
2024-03-31,44,35,2,99,4356
2024-04-07,45,35,2,99,4455
2024-04-14,53,35,2,99,5247
2024-04-21,50,35,2,99,4950
2024-04-28,39,35,2,99,3861
2024-05-05,67,35,2,99,6633
2024-05-12,42,35,2,99,4158
2024-05-19,32,35,2,99,3168
2024-05-26,35,35,2,99,3465
2024-06-02,31,35,2,99,3069
2024-06-09,29,35,2,99,2871
2024-06-16,9,35,2,99,891
2024-06-23,35,35,2,99,3465
2024-06-30,33,35,2,99,3267
2024-07-07,33,35,2,99,3267
2024-07-14,20,35,2,99,1980
2024-07-21,22,35,2,99,2178
2024-07-28,6,35,2,99,594
2024-08-04,23,35,2,99,2277
2024-08-11,18,35,2,99,1782
2024-08-18,12,35,2,99,1188
2024-08-25,27,35,2,99,2673
2024-09-01,29,35,2,99,2871
2024-09-08,23,35,2,99,2277
2024-09-15,29,35,2,99,2871
2024-09-22,18,35,2,99,1782
2024-09-29,43,35,2,99,4257
2024-10-06,25,35,2,99,2475
2024-10-13,30,35,2,99,2970
2024-10-20,41,35,2,99,4059
2024-10-27,55,35,2,99,5445
2024-11-03,58,35,2,99,5742
2024-11-10,49,35,2,99,4851
2024-11-17,59,35,2,99,5841
2024-11-24,36,35,2,99,3564
2024-12-01,47,35,2,99,4653
2024-12-08,48,35,2,99,4752
2024-12-15,68,35,2,99,6732
2024-12-22,62,35,2,99,6138
2024-12-29,57,35,2,99,5643
2025-01-05,57,35,2,99,5643
2025-01-12,68,35,2,99,6732
2025-01-19,48,35,2,99,4752
2025-01-26,35,35,2,99,3465
2025-02-02,56,35,2,99,5544
2025-02-09,44,35,2,99,4356
2025-02-16,49,35,2,99,4851
2025-02-23,36,35,2,99,3564
2024-01-07,38,36,4,43,1634
2024-01-14,52,36,4,43,2236
2024-01-21,34,36,4,43,1462
2024-01-28,58,36,4,43,2494
2024-02-04,78,36,4,43,3354
2024-02-11,47,36,4,43,2021
2024-02-18,65,36,4,43,2795
2024-02-25,59,36,4,43,2537
2024-03-03,72,36,4,43,3096
2024-03-10,70,36,4,43,3010
2024-03-17,64,36,4,43,2752
2024-03-24,76,36,4,43,3268
2024-03-31,89,36,4,43,3827
2024-04-07,69,36,4,43,2967
2024-04-14,77,36,4,43,3311
2024-04-21,55,36,4,43,2365
2024-04-28,57,36,4,43,2451
2024-05-05,69,36,4,43,2967
2024-05-12,77,36,4,43,3311
2024-05-19,64,36,4,43,2752
2024-05-26,55,36,4,43,2365
2024-06-02,56,36,4,43,2408
2024-06-09,41,36,4,43,1763
2024-06-16,57,36,4,43,2451
2024-06-23,58,36,4,43,2494
2024-06-30,44,36,4,43,1892
2024-07-07,42,36,4,43,1806
2024-07-14,49,36,4,43,2107
2024-07-21,42,36,4,43,1806
2024-07-28,46,36,4,43,1978
2024-08-04,68,36,4,43,2924
2024-08-11,46,36,4,43,1978
2024-08-18,47,36,4,43,2021
2024-08-25,47,36,4,43,2021
2024-09-01,63,36,4,43,2709
2024-09-08,57,36,4,43,2451
2024-09-15,56,36,4,43,2408
2024-09-22,79,36,4,43,3397
2024-09-29,84,36,4,43,3612
2024-10-06,68,36,4,43,2924
2024-10-13,59,36,4,43,2537
2024-10-20,92,36,4,43,3956
2024-10-27,79,36,4,43,3397
2024-11-03,97,36,4,43,4171
2024-11-10,73,36,4,43,3139
2024-11-17,105,36,4,43,4515
2024-11-24,86,36,4,43,3698
2024-12-01,108,36,4,43,4644
2024-12-08,102,36,4,43,4386
2024-12-15,94,36,4,43,4042
2024-12-22,100,36,4,43,4300
2024-12-29,111,36,4,43,4773
2025-01-05,105,36,4,43,4515
2025-01-12,109,36,4,43,4687
2025-01-19,122,36,4,43,5246
2025-01-26,85,36,4,43,3655
2025-02-02,115,36,4,43,4945
2025-02-09,98,36,4,43,4214
2025-02-16,85,36,4,43,3655
2025-02-23,79,36,4,43,3397
2024-01-07,53,37,2,71,3763
2024-01-14,71,37,2,71,5041
2024-01-21,70,37,2,71,4970
2024-01-28,73,37,2,71,5183
2024-02-04,72,37,2,71,5112
2024-02-11,84,37,2,71,5964
2024-02-18,70,37,2,71,4970
2024-02-25,71,37,2,71,5041
2024-03-03,88,37,2,71,6248
2024-03-10,66,37,2,71,4686
2024-03-17,84,37,2,71,5964
2024-03-24,80,37,2,71,5680
2024-03-31,69,37,2,71,4899
2024-04-07,73,37,2,71,5183
2024-04-14,80,37,2,71,5680
2024-04-21,90,37,2,71,6390
2024-04-28,71,37,2,71,5041
2024-05-05,88,37,2,71,6248
2024-05-12,74,37,2,71,5254
2024-05-19,84,37,2,71,5964
2024-05-26,62,37,2,71,4402
2024-06-02,66,37,2,71,4686
2024-06-09,67,37,2,71,4757
2024-06-16,60,37,2,71,4260
2024-06-23,69,37,2,71,4899
2024-06-30,36,37,2,71,2556
2024-07-07,81,37,2,71,5751
2024-07-14,64,37,2,71,4544
2024-07-21,54,37,2,71,3834
2024-07-28,50,37,2,71,3550
2024-08-04,48,37,2,71,3408
2024-08-11,64,37,2,71,4544
2024-08-18,69,37,2,71,4899
2024-08-25,60,37,2,71,4260
2024-09-01,75,37,2,71,5325
2024-09-08,58,37,2,71,4118
2024-09-15,59,37,2,71,4189
2024-09-22,92,37,2,71,6532
2024-09-29,83,37,2,71,5893
2024-10-06,95,37,2,71,6745
2024-10-13,77,37,2,71,5467
2024-10-20,80,37,2,71,5680
2024-10-27,89,37,2,71,6319
2024-11-03,88,37,2,71,6248
2024-11-10,106,37,2,71,7526
2024-11-17,95,37,2,71,6745
2024-11-24,93,37,2,71,6603
2024-12-01,108,37,2,71,7668
2024-12-08,95,37,2,71,6745
2024-12-15,91,37,2,71,6461
2024-12-22,111,37,2,71,7881
2024-12-29,92,37,2,71,6532
2025-01-05,117,37,2,71,8307
2025-01-12,94,37,2,71,6674
2025-01-19,85,37,2,71,6035
2025-01-26,102,37,2,71,7242
2025-02-02,105,37,2,71,7455
2025-02-09,106,37,2,71,7526
2025-02-16,100,37,2,71,7100
2025-02-23,85,37,2,71,6035
2024-01-07,51,38,4,23,1173
2024-01-14,79,38,4,23,1817
2024-01-21,92,38,4,23,2116
2024-01-28,95,38,4,23,2185
2024-02-04,96,38,4,23,2208
2024-02-11,90,38,4,23,2070
2024-02-18,104,38,4,23,2392
2024-02-25,105,38,4,23,2415
2024-03-03,93,38,4,23,2139
2024-03-10,105,38,4,23,2415
2024-03-17,94,38,4,23,2162
2024-03-24,105,38,4,23,2415
2024-03-31,86,38,4,23,1978
2024-04-07,86,38,4,23,1978
2024-04-14,108,38,4,23,2484
2024-04-21,105,38,4,23,2415
2024-04-28,100,38,4,23,2300
2024-05-05,92,38,4,23,2116
2024-05-12,65,38,4,23,1495
2024-05-19,86,38,4,23,1978
2024-05-26,88,38,4,23,2024
2024-06-02,76,38,4,23,1748
2024-06-09,72,38,4,23,1656
2024-06-16,91,38,4,23,2093
2024-06-23,74,38,4,23,1702
2024-06-30,77,38,4,23,1771
2024-07-07,79,38,4,23,1817
2024-07-14,60,38,4,23,1380
2024-07-21,72,38,4,23,1656
2024-07-28,83,38,4,23,1909
2024-08-04,89,38,4,23,2047
2024-08-11,72,38,4,23,1656
2024-08-18,71,38,4,23,1633
2024-08-25,78,38,4,23,1794
2024-09-01,80,38,4,23,1840
2024-09-08,94,38,4,23,2162
2024-09-15,73,38,4,23,1679
2024-09-22,84,38,4,23,1932
2024-09-29,79,38,4,23,1817
2024-10-06,84,38,4,23,1932
2024-10-13,102,38,4,23,2346
2024-10-20,110,38,4,23,2530
2024-10-27,99,38,4,23,2277
2024-11-03,116,38,4,23,2668
2024-11-10,123,38,4,23,2829
2024-11-17,133,38,4,23,3059
2024-11-24,117,38,4,23,2691
2024-12-01,112,38,4,23,2576
2024-12-08,110,38,4,23,2530
2024-12-15,110,38,4,23,2530
2024-12-22,133,38,4,23,3059
2024-12-29,106,38,4,23,2438
2025-01-05,132,38,4,23,3036
2025-01-12,110,38,4,23,2530
2025-01-19,111,38,4,23,2553
2025-01-26,114,38,4,23,2622
2025-02-02,107,38,4,23,2461
2025-02-09,121,38,4,23,2783
2025-02-16,127,38,4,23,2921
2025-02-23,99,38,4,23,2277
2024-01-07,73,39,4,71,5183
2024-01-14,69,39,4,71,4899
2024-01-21,80,39,4,71,5680
2024-01-28,92,39,4,71,6532
2024-02-04,99,39,4,71,7029
2024-02-11,102,39,4,71,7242
2024-02-18,102,39,4,71,7242
2024-02-25,98,39,4,71,6958
2024-03-03,106,39,4,71,7526
2024-03-10,103,39,4,71,7313
2024-03-17,105,39,4,71,7455
2024-03-24,95,39,4,71,6745
2024-03-31,104,39,4,71,7384
2024-04-07,107,39,4,71,7597
2024-04-14,105,39,4,71,7455
2024-04-21,88,39,4,71,6248
2024-04-28,100,39,4,71,7100
2024-05-05,82,39,4,71,5822
2024-05-12,96,39,4,71,6816
2024-05-19,84,39,4,71,5964
2024-05-26,106,39,4,71,7526
2024-06-02,87,39,4,71,6177
2024-06-09,92,39,4,71,6532
2024-06-16,103,39,4,71,7313
2024-06-23,71,39,4,71,5041
2024-06-30,82,39,4,71,5822
2024-07-07,65,39,4,71,4615
2024-07-14,79,39,4,71,5609
2024-07-21,93,39,4,71,6603
2024-07-28,69,39,4,71,4899
2024-08-04,67,39,4,71,4757
2024-08-11,76,39,4,71,5396
2024-08-18,99,39,4,71,7029
2024-08-25,88,39,4,71,6248
2024-09-01,74,39,4,71,5254
2024-09-08,101,39,4,71,7171
2024-09-15,73,39,4,71,5183
2024-09-22,114,39,4,71,8094
2024-09-29,105,39,4,71,7455
2024-10-06,118,39,4,71,8378
2024-10-13,87,39,4,71,6177
2024-10-20,109,39,4,71,7739
2024-10-27,110,39,4,71,7810
2024-11-03,104,39,4,71,7384
2024-11-10,105,39,4,71,7455
2024-11-17,125,39,4,71,8875
2024-11-24,129,39,4,71,9159
2024-12-01,138,39,4,71,9798
2024-12-08,121,39,4,71,8591
2024-12-15,126,39,4,71,8946
2024-12-22,114,39,4,71,8094
2024-12-29,143,39,4,71,10153
2025-01-05,128,39,4,71,9088
2025-01-12,133,39,4,71,9443
2025-01-19,132,39,4,71,9372
2025-01-26,137,39,4,71,9727
2025-02-02,112,39,4,71,7952
2025-02-09,125,39,4,71,8875
2025-02-16,115,39,4,71,8165
2025-02-23,134,39,4,71,9514
2024-01-07,43,40,5,89,3827
2024-01-14,36,40,5,89,3204
2024-01-21,46,40,5,89,4094
2024-01-28,49,40,5,89,4361
2024-02-04,21,40,5,89,1869
2024-02-11,58,40,5,89,5162
2024-02-18,74,40,5,89,6586
2024-02-25,62,40,5,89,5518
2024-03-03,49,40,5,89,4361
2024-03-10,66,40,5,89,5874
2024-03-17,70,40,5,89,6230
2024-03-24,65,40,5,89,5785
2024-03-31,59,40,5,89,5251
2024-04-07,56,40,5,89,4984
2024-04-14,55,40,5,89,4895
2024-04-21,62,40,5,89,5518
2024-04-28,39,40,5,89,3471
2024-05-05,47,40,5,89,4183
2024-05-12,64,40,5,89,5696
2024-05-19,62,40,5,89,5518
2024-05-26,28,40,5,89,2492
2024-06-02,29,40,5,89,2581
2024-06-09,35,40,5,89,3115
2024-06-16,44,40,5,89,3916
2024-06-23,14,40,5,89,1246
2024-06-30,30,40,5,89,2670
2024-07-07,24,40,5,89,2136
2024-07-14,41,40,5,89,3649
2024-07-21,11,40,5,89,979
2024-07-28,28,40,5,89,2492
2024-08-04,24,40,5,89,2136
2024-08-11,43,40,5,89,3827
2024-08-18,36,40,5,89,3204
2024-08-25,26,40,5,89,2314
2024-09-01,43,40,5,89,3827
2024-09-08,33,40,5,89,2937
2024-09-15,50,40,5,89,4450
2024-09-22,41,40,5,89,3649
2024-09-29,57,40,5,89,5073
2024-10-06,54,40,5,89,4806
2024-10-13,86,40,5,89,7654
2024-10-20,57,40,5,89,5073
2024-10-27,64,40,5,89,5696
2024-11-03,59,40,5,89,5251
2024-11-10,67,40,5,89,5963
2024-11-17,42,40,5,89,3738
2024-11-24,76,40,5,89,6764
2024-12-01,87,40,5,89,7743
2024-12-08,78,40,5,89,6942
2024-12-15,62,40,5,89,5518
2024-12-22,67,40,5,89,5963
2024-12-29,51,40,5,89,4539
2025-01-05,84,40,5,89,7476
2025-01-12,63,40,5,89,5607
2025-01-19,71,40,5,89,6319
2025-01-26,68,40,5,89,6052
2025-02-02,82,40,5,89,7298
2025-02-09,65,40,5,89,5785
2025-02-16,70,40,5,89,6230
2025-02-23,64,40,5,89,5696
2024-01-07,91,41,5,91,8281
2024-01-14,103,41,5,91,9373
2024-01-21,82,41,5,91,7462
2024-01-28,105,41,5,91,9555
2024-02-04,101,41,5,91,9191
2024-02-11,108,41,5,91,9828
2024-02-18,110,41,5,91,10010
2024-02-25,112,41,5,91,10192
2024-03-03,118,41,5,91,10738
2024-03-10,107,41,5,91,9737
2024-03-17,118,41,5,91,10738
2024-03-24,125,41,5,91,11375
2024-03-31,98,41,5,91,8918
2024-04-07,103,41,5,91,9373
2024-04-14,101,41,5,91,9191
2024-04-21,96,41,5,91,8736
2024-04-28,99,41,5,91,9009
2024-05-05,112,41,5,91,10192
2024-05-12,113,41,5,91,10283
2024-05-19,96,41,5,91,8736
2024-05-26,89,41,5,91,8099
2024-06-02,97,41,5,91,8827
2024-06-09,63,41,5,91,5733
2024-06-16,73,41,5,91,6643
2024-06-23,58,41,5,91,5278
2024-06-30,68,41,5,91,6188
2024-07-07,69,41,5,91,6279
2024-07-14,90,41,5,91,8190
2024-07-21,47,41,5,91,4277
2024-07-28,70,41,5,91,6370
2024-08-04,80,41,5,91,7280
2024-08-11,79,41,5,91,7189
2024-08-18,90,41,5,91,8190
2024-08-25,79,41,5,91,7189
2024-09-01,83,41,5,91,7553
2024-09-08,63,41,5,91,5733
2024-09-15,74,41,5,91,6734
2024-09-22,69,41,5,91,6279
2024-09-29,96,41,5,91,8736
2024-10-06,97,41,5,91,8827
2024-10-13,100,41,5,91,9100
2024-10-20,91,41,5,91,8281
2024-10-27,93,41,5,91,8463
2024-11-03,108,41,5,91,9828
2024-11-10,102,41,5,91,9282
2024-11-17,101,41,5,91,9191
2024-11-24,108,41,5,91,9828
2024-12-01,107,41,5,91,9737
2024-12-08,106,41,5,91,9646
2024-12-15,103,41,5,91,9373
2024-12-22,120,41,5,91,10920
2024-12-29,130,41,5,91,11830
2025-01-05,113,41,5,91,10283
2025-01-12,114,41,5,91,10374
2025-01-19,115,41,5,91,10465
2025-01-26,111,41,5,91,10101
2025-02-02,97,41,5,91,8827
2025-02-09,119,41,5,91,10829
2025-02-16,92,41,5,91,8372
2025-02-23,102,41,5,91,9282
2024-01-07,27,42,5,33,891
2024-01-14,47,42,5,33,1551
2024-01-21,30,42,5,33,990
2024-01-28,21,42,5,33,693
2024-02-04,29,42,5,33,957
2024-02-11,26,42,5,33,858
2024-02-18,40,42,5,33,1320
2024-02-25,28,42,5,33,924
2024-03-03,32,42,5,33,1056
2024-03-10,24,42,5,33,792
2024-03-17,36,42,5,33,1188
2024-03-24,38,42,5,33,1254
2024-03-31,8,42,5,33,264
2024-04-07,35,42,5,33,1155
2024-04-14,30,42,5,33,990
2024-04-21,20,42,5,33,660
2024-04-28,45,42,5,33,1485
2024-05-05,31,42,5,33,1023
2024-05-12,7,42,5,33,231
2024-05-19,23,42,5,33,759
2024-05-26,23,42,5,33,759
2024-06-02,8,42,5,33,264
2024-06-09,7,42,5,33,231
2024-06-16,4,42,5,33,132
2024-06-23,0,42,5,33,0
2024-06-30,0,42,5,33,0
2024-07-07,0,42,5,33,0
2024-07-14,4,42,5,33,132
2024-07-21,0,42,5,33,0
2024-07-28,0,42,5,33,0
2024-08-04,0,42,5,33,0
2024-08-11,0,42,5,33,0
2024-08-18,0,42,5,33,0
2024-08-25,0,42,5,33,0
2024-09-01,0,42,5,33,0
2024-09-08,1,42,5,33,33
2024-09-15,0,42,5,33,0
2024-09-22,0,42,5,33,0
2024-09-29,0,42,5,33,0
2024-10-06,0,42,5,33,0
2024-10-13,2,42,5,33,66
2024-10-20,0,42,5,33,0
2024-10-27,6,42,5,33,198
2024-11-03,25,42,5,33,825
2024-11-10,2,42,5,33,66
2024-11-17,8,42,5,33,264
2024-11-24,4,42,5,33,132
2024-12-01,2,42,5,33,66
2024-12-08,15,42,5,33,495
2024-12-15,11,42,5,33,363
2024-12-22,34,42,5,33,1122
2024-12-29,12,42,5,33,396
2025-01-05,26,42,5,33,858
2025-01-12,21,42,5,33,693
2025-01-19,7,42,5,33,231
2025-01-26,27,42,5,33,891
2025-02-02,5,42,5,33,165
2025-02-09,14,42,5,33,462
2025-02-16,10,42,5,33,330
2025-02-23,0,42,5,33,0
2024-01-07,55,43,2,98,5390
2024-01-14,72,43,2,98,7056
2024-01-21,65,43,2,98,6370
2024-01-28,56,43,2,98,5488
2024-02-04,82,43,2,98,8036
2024-02-11,78,43,2,98,7644
2024-02-18,69,43,2,98,6762
2024-02-25,71,43,2,98,6958
2024-03-03,80,43,2,98,7840
2024-03-10,83,43,2,98,8134
2024-03-17,81,43,2,98,7938
2024-03-24,83,43,2,98,8134
2024-03-31,96,43,2,98,9408
2024-04-07,89,43,2,98,8722
2024-04-14,79,43,2,98,7742
2024-04-21,85,43,2,98,8330
2024-04-28,63,43,2,98,6174
2024-05-05,75,43,2,98,7350
2024-05-12,87,43,2,98,8526
2024-05-19,64,43,2,98,6272
2024-05-26,55,43,2,98,5390
2024-06-02,54,43,2,98,5292
2024-06-09,47,43,2,98,4606
2024-06-16,48,43,2,98,4704
2024-06-23,50,43,2,98,4900
2024-06-30,38,43,2,98,3724
2024-07-07,51,43,2,98,4998
2024-07-14,59,43,2,98,5782
2024-07-21,40,43,2,98,3920
2024-07-28,64,43,2,98,6272
2024-08-04,55,43,2,98,5390
2024-08-11,61,43,2,98,5978
2024-08-18,46,43,2,98,4508
2024-08-25,63,43,2,98,6174
2024-09-01,46,43,2,98,4508
2024-09-08,69,43,2,98,6762
2024-09-15,64,43,2,98,6272
2024-09-22,72,43,2,98,7056
2024-09-29,58,43,2,98,5684
2024-10-06,64,43,2,98,6272
2024-10-13,83,43,2,98,8134
2024-10-20,71,43,2,98,6958
2024-10-27,89,43,2,98,8722
2024-11-03,74,43,2,98,7252
2024-11-10,99,43,2,98,9702
2024-11-17,81,43,2,98,7938
2024-11-24,101,43,2,98,9898
2024-12-01,104,43,2,98,10192
2024-12-08,92,43,2,98,9016
2024-12-15,106,43,2,98,10388
2024-12-22,103,43,2,98,10094
2024-12-29,95,43,2,98,9310
2025-01-05,89,43,2,98,8722
2025-01-12,79,43,2,98,7742
2025-01-19,100,43,2,98,9800
2025-01-26,79,43,2,98,7742
2025-02-02,94,43,2,98,9212
2025-02-09,88,43,2,98,8624
2025-02-16,94,43,2,98,9212
2025-02-23,82,43,2,98,8036
2024-01-07,87,44,4,69,6003
2024-01-14,64,44,4,69,4416
2024-01-21,77,44,4,69,5313
2024-01-28,73,44,4,69,5037
2024-02-04,86,44,4,69,5934
2024-02-11,91,44,4,69,6279
2024-02-18,90,44,4,69,6210
2024-02-25,96,44,4,69,6624
2024-03-03,87,44,4,69,6003
2024-03-10,86,44,4,69,5934
2024-03-17,70,44,4,69,4830
2024-03-24,94,44,4,69,6486
2024-03-31,88,44,4,69,6072
2024-04-07,84,44,4,69,5796
2024-04-14,81,44,4,69,5589
2024-04-21,81,44,4,69,5589
2024-04-28,76,44,4,69,5244
2024-05-05,70,44,4,69,4830
2024-05-12,75,44,4,69,5175
2024-05-19,74,44,4,69,5106
2024-05-26,59,44,4,69,4071
2024-06-02,59,44,4,69,4071
2024-06-09,58,44,4,69,4002
2024-06-16,57,44,4,69,3933
2024-06-23,53,44,4,69,3657
2024-06-30,59,44,4,69,4071
2024-07-07,34,44,4,69,2346
2024-07-14,34,44,4,69,2346
2024-07-21,50,44,4,69,3450
2024-07-28,41,44,4,69,2829
2024-08-04,56,44,4,69,3864
2024-08-11,59,44,4,69,4071
2024-08-18,51,44,4,69,3519
2024-08-25,39,44,4,69,2691
2024-09-01,62,44,4,69,4278
2024-09-08,56,44,4,69,3864
2024-09-15,42,44,4,69,2898
2024-09-22,45,44,4,69,3105
2024-09-29,78,44,4,69,5382
2024-10-06,79,44,4,69,5451
2024-10-13,44,44,4,69,3036
2024-10-20,58,44,4,69,4002
2024-10-27,86,44,4,69,5934
2024-11-03,77,44,4,69,5313
2024-11-10,87,44,4,69,6003
2024-11-17,82,44,4,69,5658
2024-11-24,90,44,4,69,6210
2024-12-01,85,44,4,69,5865
2024-12-08,82,44,4,69,5658
2024-12-15,97,44,4,69,6693
2024-12-22,88,44,4,69,6072
2024-12-29,92,44,4,69,6348
2025-01-05,86,44,4,69,5934
2025-01-12,78,44,4,69,5382
2025-01-19,97,44,4,69,6693
2025-01-26,82,44,4,69,5658
2025-02-02,72,44,4,69,4968
2025-02-09,85,44,4,69,5865
2025-02-16,56,44,4,69,3864
2025-02-23,88,44,4,69,6072
2024-01-07,57,45,4,50,2850
2024-01-14,54,45,4,50,2700
2024-01-21,41,45,4,50,2050
2024-01-28,43,45,4,50,2150
2024-02-04,72,45,4,50,3600
2024-02-11,71,45,4,50,3550
2024-02-18,74,45,4,50,3700
2024-02-25,72,45,4,50,3600
2024-03-03,74,45,4,50,3700
2024-03-10,82,45,4,50,4100
2024-03-17,77,45,4,50,3850
2024-03-24,82,45,4,50,4100
2024-03-31,72,45,4,50,3600
2024-04-07,66,45,4,50,3300
2024-04-14,69,45,4,50,3450
2024-04-21,56,45,4,50,2800
2024-04-28,58,45,4,50,2900
2024-05-05,60,45,4,50,3000
2024-05-12,57,45,4,50,2850
2024-05-19,51,45,4,50,2550
2024-05-26,34,45,4,50,1700
2024-06-02,51,45,4,50,2550
2024-06-09,50,45,4,50,2500
2024-06-16,55,45,4,50,2750
2024-06-23,40,45,4,50,2000
2024-06-30,33,45,4,50,1650
2024-07-07,20,45,4,50,1000
2024-07-14,44,45,4,50,2200
2024-07-21,30,45,4,50,1500
2024-07-28,29,45,4,50,1450
2024-08-04,24,45,4,50,1200
2024-08-11,23,45,4,50,1150
2024-08-18,34,45,4,50,1700
2024-08-25,18,45,4,50,900
2024-09-01,46,45,4,50,2300
2024-09-08,46,45,4,50,2300
2024-09-15,31,45,4,50,1550
2024-09-22,28,45,4,50,1400
2024-09-29,20,45,4,50,1000
2024-10-06,30,45,4,50,1500
2024-10-13,53,45,4,50,2650
2024-10-20,52,45,4,50,2600
2024-10-27,56,45,4,50,2800
2024-11-03,35,45,4,50,1750
2024-11-10,52,45,4,50,2600
2024-11-17,71,45,4,50,3550
2024-11-24,58,45,4,50,2900
2024-12-01,48,45,4,50,2400
2024-12-08,60,45,4,50,3000
2024-12-15,53,45,4,50,2650
2024-12-22,64,45,4,50,3200
2024-12-29,60,45,4,50,3000
2025-01-05,63,45,4,50,3150
2025-01-12,44,45,4,50,2200
2025-01-19,49,45,4,50,2450
2025-01-26,62,45,4,50,3100
2025-02-02,35,45,4,50,1750
2025-02-09,35,45,4,50,1750
2025-02-16,43,45,4,50,2150
2025-02-23,41,45,4,50,2050
2024-01-07,28,46,5,24,672
2024-01-14,50,46,5,24,1200
2024-01-21,69,46,5,24,1656
2024-01-28,62,46,5,24,1488
2024-02-04,65,46,5,24,1560
2024-02-11,56,46,5,24,1344
2024-02-18,58,46,5,24,1392
2024-02-25,72,46,5,24,1728
2024-03-03,60,46,5,24,1440
2024-03-10,83,46,5,24,1992
2024-03-17,68,46,5,24,1632
2024-03-24,77,46,5,24,1848
2024-03-31,59,46,5,24,1416
2024-04-07,73,46,5,24,1752
2024-04-14,64,46,5,24,1536
2024-04-21,52,46,5,24,1248
2024-04-28,79,46,5,24,1896
2024-05-05,88,46,5,24,2112
2024-05-12,81,46,5,24,1944
2024-05-19,74,46,5,24,1776
2024-05-26,61,46,5,24,1464
2024-06-02,71,46,5,24,1704
2024-06-09,73,46,5,24,1752
2024-06-16,60,46,5,24,1440
2024-06-23,46,46,5,24,1104
2024-06-30,51,46,5,24,1224
2024-07-07,72,46,5,24,1728
2024-07-14,54,46,5,24,1296
2024-07-21,21,46,5,24,504
2024-07-28,40,46,5,24,960
2024-08-04,52,46,5,24,1248
2024-08-11,68,46,5,24,1632
2024-08-18,57,46,5,24,1368
2024-08-25,72,46,5,24,1728
2024-09-01,60,46,5,24,1440
2024-09-08,48,46,5,24,1152
2024-09-15,67,46,5,24,1608
2024-09-22,79,46,5,24,1896
2024-09-29,82,46,5,24,1968
2024-10-06,71,46,5,24,1704
2024-10-13,84,46,5,24,2016
2024-10-20,119,46,5,24,2856
2024-10-27,84,46,5,24,2016
2024-11-03,106,46,5,24,2544
2024-11-10,82,46,5,24,1968
2024-11-17,115,46,5,24,2760
2024-11-24,100,46,5,24,2400
2024-12-01,115,46,5,24,2760
2024-12-08,100,46,5,24,2400
2024-12-15,117,46,5,24,2808
2024-12-22,106,46,5,24,2544
2024-12-29,108,46,5,24,2592
2025-01-05,120,46,5,24,2880
2025-01-12,110,46,5,24,2640
2025-01-19,117,46,5,24,2808
2025-01-26,110,46,5,24,2640
2025-02-02,111,46,5,24,2664
2025-02-09,113,46,5,24,2712
2025-02-16,103,46,5,24,2472
2025-02-23,94,46,5,24,2256
2024-01-07,16,47,5,74,1184
2024-01-14,29,47,5,74,2146
2024-01-21,30,47,5,74,2220
2024-01-28,43,47,5,74,3182
2024-02-04,54,47,5,74,3996
2024-02-11,54,47,5,74,3996
2024-02-18,47,47,5,74,3478
2024-02-25,39,47,5,74,2886
2024-03-03,48,47,5,74,3552
2024-03-10,51,47,5,74,3774
2024-03-17,33,47,5,74,2442
2024-03-24,28,47,5,74,2072
2024-03-31,24,47,5,74,1776
2024-04-07,22,47,5,74,1628
2024-04-14,14,47,5,74,1036
2024-04-21,28,47,5,74,2072
2024-04-28,12,47,5,74,888
2024-05-05,11,47,5,74,814
2024-05-12,23,47,5,74,1702
2024-05-19,14,47,5,74,1036
2024-05-26,13,47,5,74,962
2024-06-02,18,47,5,74,1332
2024-06-09,10,47,5,74,740
2024-06-16,13,47,5,74,962
2024-06-23,0,47,5,74,0
2024-06-30,8,47,5,74,592
2024-07-07,0,47,5,74,0
2024-07-14,0,47,5,74,0
2024-07-21,1,47,5,74,74
2024-07-28,0,47,5,74,0
2024-08-04,5,47,5,74,370
2024-08-11,0,47,5,74,0
2024-08-18,0,47,5,74,0
2024-08-25,0,47,5,74,0
2024-09-01,0,47,5,74,0
2024-09-08,10,47,5,74,740
2024-09-15,0,47,5,74,0
2024-09-22,0,47,5,74,0
2024-09-29,0,47,5,74,0
2024-10-06,8,47,5,74,592
2024-10-13,0,47,5,74,0
2024-10-20,12,47,5,74,888
2024-10-27,3,47,5,74,222
2024-11-03,0,47,5,74,0
2024-11-10,13,47,5,74,962
2024-11-17,14,47,5,74,1036
2024-11-24,23,47,5,74,1702
2024-12-01,31,47,5,74,2294
2024-12-08,35,47,5,74,2590
2024-12-15,24,47,5,74,1776
2024-12-22,18,47,5,74,1332
2024-12-29,0,47,5,74,0
2025-01-05,14,47,5,74,1036
2025-01-12,12,47,5,74,888
2025-01-19,6,47,5,74,444
2025-01-26,11,47,5,74,814
2025-02-02,13,47,5,74,962
2025-02-09,0,47,5,74,0
2025-02-16,0,47,5,74,0
2025-02-23,0,47,5,74,0
2024-01-07,41,48,1,80,3280
2024-01-14,56,48,1,80,4480
2024-01-21,54,48,1,80,4320
2024-01-28,61,48,1,80,4880
2024-02-04,76,48,1,80,6080
2024-02-11,74,48,1,80,5920
2024-02-18,98,48,1,80,7840
2024-02-25,95,48,1,80,7600
2024-03-03,80,48,1,80,6400
2024-03-10,79,48,1,80,6320
2024-03-17,103,48,1,80,8240
2024-03-24,107,48,1,80,8560
2024-03-31,69,48,1,80,5520
2024-04-07,91,48,1,80,7280
2024-04-14,87,48,1,80,6960
2024-04-21,95,48,1,80,7600
2024-04-28,107,48,1,80,8560
2024-05-05,81,48,1,80,6480
2024-05-12,63,48,1,80,5040
2024-05-19,88,48,1,80,7040
2024-05-26,94,48,1,80,7520
2024-06-02,75,48,1,80,6000
2024-06-09,69,48,1,80,5520
2024-06-16,70,48,1,80,5600
2024-06-23,81,48,1,80,6480
2024-06-30,67,48,1,80,5360
2024-07-07,74,48,1,80,5920
2024-07-14,71,48,1,80,5680
2024-07-21,70,48,1,80,5600
2024-07-28,79,48,1,80,6320
2024-08-04,68,48,1,80,5440
2024-08-11,70,48,1,80,5600
2024-08-18,84,48,1,80,6720
2024-08-25,69,48,1,80,5520
2024-09-01,73,48,1,80,5840
2024-09-08,73,48,1,80,5840
2024-09-15,98,48,1,80,7840
2024-09-22,92,48,1,80,7360
2024-09-29,84,48,1,80,6720
2024-10-06,110,48,1,80,8800
2024-10-13,101,48,1,80,8080
2024-10-20,102,48,1,80,8160
2024-10-27,113,48,1,80,9040
2024-11-03,133,48,1,80,10640
2024-11-10,118,48,1,80,9440
2024-11-17,131,48,1,80,10480
2024-11-24,136,48,1,80,10880
2024-12-01,135,48,1,80,10800
2024-12-08,146,48,1,80,11680
2024-12-15,127,48,1,80,10160
2024-12-22,125,48,1,80,10000
2024-12-29,125,48,1,80,10000
2025-01-05,134,48,1,80,10720
2025-01-12,126,48,1,80,10080
2025-01-19,136,48,1,80,10880
2025-01-26,134,48,1,80,10720
2025-02-02,142,48,1,80,11360
2025-02-09,133,48,1,80,10640
2025-02-16,124,48,1,80,9920
2025-02-23,130,48,1,80,10400
2024-01-07,55,49,1,97,5335
2024-01-14,64,49,1,97,6208
2024-01-21,35,49,1,97,3395
2024-01-28,69,49,1,97,6693
2024-02-04,54,49,1,97,5238
2024-02-11,59,49,1,97,5723
2024-02-18,53,49,1,97,5141
2024-02-25,65,49,1,97,6305
2024-03-03,65,49,1,97,6305
2024-03-10,75,49,1,97,7275
2024-03-17,57,49,1,97,5529
2024-03-24,80,49,1,97,7760
2024-03-31,69,49,1,97,6693
2024-04-07,62,49,1,97,6014
2024-04-14,57,49,1,97,5529
2024-04-21,53,49,1,97,5141
2024-04-28,51,49,1,97,4947
2024-05-05,52,49,1,97,5044
2024-05-12,45,49,1,97,4365
2024-05-19,38,49,1,97,3686
2024-05-26,42,49,1,97,4074
2024-06-02,29,49,1,97,2813
2024-06-09,37,49,1,97,3589
2024-06-16,28,49,1,97,2716
2024-06-23,35,49,1,97,3395
2024-06-30,35,49,1,97,3395
2024-07-07,33,49,1,97,3201
2024-07-14,24,49,1,97,2328
2024-07-21,24,49,1,97,2328
2024-07-28,16,49,1,97,1552
2024-08-04,26,49,1,97,2522
2024-08-11,27,49,1,97,2619
2024-08-18,4,49,1,97,388
2024-08-25,25,49,1,97,2425
2024-09-01,36,49,1,97,3492
2024-09-08,21,49,1,97,2037
2024-09-15,21,49,1,97,2037
2024-09-22,25,49,1,97,2425
2024-09-29,17,49,1,97,1649
2024-10-06,37,49,1,97,3589
2024-10-13,39,49,1,97,3783
2024-10-20,43,49,1,97,4171
2024-10-27,48,49,1,97,4656
2024-11-03,38,49,1,97,3686
2024-11-10,51,49,1,97,4947
2024-11-17,55,49,1,97,5335
2024-11-24,47,49,1,97,4559
2024-12-01,57,49,1,97,5529
2024-12-08,54,49,1,97,5238
2024-12-15,47,49,1,97,4559
2024-12-22,56,49,1,97,5432
2024-12-29,49,49,1,97,4753
2025-01-05,58,49,1,97,5626
2025-01-12,47,49,1,97,4559
2025-01-19,34,49,1,97,3298
2025-01-26,47,49,1,97,4559
2025-02-02,43,49,1,97,4171
2025-02-09,27,49,1,97,2619
2025-02-16,42,49,1,97,4074
2025-02-23,38,49,1,97,3686
2024-01-07,39,50,1,17,663
2024-01-14,36,50,1,17,612
2024-01-21,53,50,1,17,901
2024-01-28,51,50,1,17,867
2024-02-04,41,50,1,17,697
2024-02-11,46,50,1,17,782
2024-02-18,69,50,1,17,1173
2024-02-25,74,50,1,17,1258
2024-03-03,65,50,1,17,1105
2024-03-10,58,50,1,17,986
2024-03-17,56,50,1,17,952
2024-03-24,66,50,1,17,1122
2024-03-31,60,50,1,17,1020
2024-04-07,42,50,1,17,714
2024-04-14,67,50,1,17,1139
2024-04-21,68,50,1,17,1156
2024-04-28,60,50,1,17,1020
2024-05-05,39,50,1,17,663
2024-05-12,40,50,1,17,680
2024-05-19,25,50,1,17,425
2024-05-26,56,50,1,17,952
2024-06-02,34,50,1,17,578
2024-06-09,58,50,1,17,986
2024-06-16,51,50,1,17,867
2024-06-23,20,50,1,17,340
2024-06-30,20,50,1,17,340
2024-07-07,29,50,1,17,493
2024-07-14,6,50,1,17,102
2024-07-21,18,50,1,17,306
2024-07-28,17,50,1,17,289
2024-08-04,41,50,1,17,697
2024-08-11,24,50,1,17,408
2024-08-18,21,50,1,17,357
2024-08-25,19,50,1,17,323
2024-09-01,36,50,1,17,612
2024-09-08,25,50,1,17,425
2024-09-15,32,50,1,17,544
2024-09-22,29,50,1,17,493
2024-09-29,23,50,1,17,391
2024-10-06,32,50,1,17,544
2024-10-13,40,50,1,17,680
2024-10-20,45,50,1,17,765
2024-10-27,49,50,1,17,833
2024-11-03,53,50,1,17,901
2024-11-10,52,50,1,17,884
2024-11-17,72,50,1,17,1224
2024-11-24,70,50,1,17,1190
2024-12-01,61,50,1,17,1037
2024-12-08,65,50,1,17,1105
2024-12-15,60,50,1,17,1020
2024-12-22,35,50,1,17,595
2024-12-29,63,50,1,17,1071
2025-01-05,65,50,1,17,1105
2025-01-12,44,50,1,17,748
2025-01-19,63,50,1,17,1071
2025-01-26,53,50,1,17,901
2025-02-02,56,50,1,17,952
2025-02-09,48,50,1,17,816
2025-02-16,60,50,1,17,1020
2025-02-23,46,50,1,17,782
